,system,area_pv0,area_sp0,area_pv1,area_sp1,area_pv2,area_sp2,area_pv3,area_sp3,area_pv4,area_sp4,area_pv5,area_sp5,area_pv6,area_sp6,area_pv7,area_sp7,area_pv8,area_sp8,area_pv9,area_sp9,area_pv10,area_sp10,area_pv11,area_sp11,area_pv12,area_sp12,area_pv13,area_sp13,area_pv14,area_sp14,area_pv15,area_sp15,area_pv16,area_sp16,area_pv17,area_sp17,area_pv18,area_sp18,area_pv19,area_sp19,area_pv20,area_sp20,area_pv21,area_sp21,area_pv22,area_sp22,area_pv23,area_sp23,area_pv24,area_sp24,area_pv25,area_sp25,area_pv26,area_sp26,area_pv27,area_sp27,area_pv28,area_sp28,area_pv29,area_sp29,area_pv30,area_sp30,area_pv31,area_sp31,area_pv32,area_sp32,area_pv33,area_sp33,area_pv34,area_sp34,area_pv35,area_sp35,area_pv36,area_sp36,area_pv37,area_sp37,area_pv38,area_sp38,area_pv39,area_sp39
0,s15_c0,6.888822444513639,7.193800008011257,6.939241980430743,7.3389562386959915,7.071755225764789,7.49414789504376,5.926964170774362,6.2552813329565256,6.317443311544797,6.646112206540385,6.081869740011725,6.464638173662519,5.9383259193137325,6.25136009039647,6.2344874520393345,6.607965361926222,5.916056680754028,6.214970932223241,5.995666474178571,6.273038050912062,6.526435290694329,6.854142322649698,6.065459149729895,6.407936348254181,5.981396313477507,6.33410142053684,5.971470253771205,6.328142952421976,6.241014599212321,6.564866519266365,5.95904987425119,6.291938991897923,6.170290585338775,6.579252903891713,6.6965158342094036,7.117626258078328,5.77292666385082,6.023606991656931,6.0749966892405105,6.389654825377013,6.212736754304233,6.495646276778952,5.9064101428848,6.211749514319996,6.321309423494629,6.6925702782251415,6.114965873224103,6.4430411745837946,5.9685126148307655,6.2942039222354484,6.2939457301146176,6.609432329651001,6.236695772770873,6.566366302704106,6.106344887391413,6.448840148364353,6.176896713063056,6.492605661539639,6.5107686355498915,6.908869885222844,6.325799244383494,6.680673685814321,6.226656967330298,6.559206649932578,5.901642142922303,6.2216285057031895,5.894270853907159,6.2176460510050795,6.080746785189352,6.427800500067037,5.9651691060206256,6.2533843561054425,5.686562287454401,5.987856969949454,5.737484169554323,6.029740910457357,5.940037392688285,6.248108304780756,5.871592362291233,6.193383725681956
1,s15_c1,5.941954738465089,6.144152491207331,5.8298304238460545,6.06058320937287,5.68143725052978,5.901866995205945,5.755734585529284,5.972310482646409,5.150682836215664,5.2829840379765525,4.967886200915104,5.129870620600298,5.24052311075854,5.367324720142969,5.227094017033529,5.389170050014014,5.23227200809563,5.375313126059037,5.267473512636417,5.414076223011567,5.014789399446686,5.146690468019552,5.080326115424676,5.215177366500243,5.102781578168423,5.255864217075385,4.843205214759909,4.945558460663655,4.992298259898107,5.117404913524506,5.44382140948583,5.629973837048852,4.935215236344046,5.072698587760307,4.921101195811015,5.05684086887104,5.40308401360287,5.581630863673093,5.497830810603275,5.6605409613595326,5.244803637604446,5.369131675073898,5.0775027464394205,5.215671326282091,4.949525671968733,5.076939326083205,5.172664218305499,5.287873484240457,5.20612135972175,5.360469388630864,5.231913902986951,5.388282661813316,4.734385790148744,4.834213182725054,5.128796988585197,5.299568936420003,5.17793426114159,5.286624448726914,5.202215184470069,5.298479001196748,4.687042944356851,4.765233669888773,5.018494269510062,5.14465462634936,5.28290768536094,5.425258375532975,4.755775230952468,4.847135017651955,4.7694923690281295,4.832540685614899,4.933159069660212,4.990684050366516,4.630885345277018,4.677764258082414,4.909054566689409,5.004698910255384,4.935744833812535,5.026578285860884,4.948504493147238,5.029483302475105
2,s15_c2,5.913016263865732,6.155538542064294,5.793587535438003,6.10062986584608,5.948217747036828,6.280936427735157,5.772962595190065,6.0462150355972035,6.0048426751441255,6.341861639015991,5.748966122294745,6.077537134950359,5.838996626347733,6.125427941904893,5.9769761497784195,6.381349265751895,6.120299444607151,6.5082736693282826,6.466770637704082,6.9116048094289075,6.128735116808829,6.528863774022784,6.49130594802597,6.8096806383047,6.452076018919021,6.784717181861833,6.345592368274779,6.638287252071247,6.3174128370976455,6.588090613916005,6.102842449647035,6.486271459345634,6.850086083686622,7.139267072333732,6.816502214759728,7.127579697233361,7.216309820500207,7.54004105426244,6.311991402454089,6.636604850417932,5.5442009733622175,5.763474759891336,5.685162480607865,5.889374370062316,5.3691547800269,5.654475650130649,5.221024512817711,5.401770168093699,5.340359606336533,5.5029408871389025,5.358563879593105,5.567689667106326,5.343173260153868,5.514963661482174,5.354304998051338,5.581438815487752,4.902422144605884,5.049409082706361,4.83947075891629,4.867011633980692,4.780654741164369,4.805973020147982,4.9051884038957825,4.926332598346629,4.801075554364385,4.828809909112481,5.128954019135928,5.238833746474858,4.658234537187805,4.676080769387263,5.092491784240541,5.139740249986663,4.450577493700006,4.458849969758193,5.304644123804669,5.607595861530417,4.55055244799729,4.561843681133966,4.677068099401215,4.695807139632093
3,s15_c3,4.698084252027352,4.77515540108879,5.360257111945648,5.470269124771517,5.294007734611132,5.423531549488875,5.485564605531341,5.5736045015191475,5.714734191553038,5.8558301416082195,5.524597535144959,5.659417926763115,5.224889965506122,5.3945470983623265,5.386004864889974,5.502385260079848,5.378211894078749,5.485602696804246,5.541401640038973,5.671779786844135,5.079703153352179,33.393479088607265,5.347044462227398,5.459884269733987,5.573990550506217,5.718472031457481,5.543275914466847,5.6788674463010285,5.935468520806896,6.117611004252064,5.6722806105236465,5.792906730842472,5.937701077404366,6.073643753649491,5.910610082532521,70.75614185993145,6.37468430935483,6.56091453968909,6.262447863651953,20.880845483072694,6.230732812360461,6.367777646231414,6.451629654690175,18.041424460709123,6.450867459015975,29.82619702767772,6.6394712586531845,6.776287270278809,6.491786232493394,26.553867447378817,6.971592412685125,7.151434752389999,6.840963418289595,6.981110177437834,6.954391625280377,7.10898377099183,6.672601952629484,6.816377430165045,6.84595267755072,6.982889402926003,6.825365472290063,7.038973251975246,6.8341697403791475,7.007283144750679,7.097587148221255,7.32730125414259,7.252602576967803,7.520407384500496,7.137508688463178,7.3135782658809685,7.014746224025703,7.223561503500149,7.037012479667793,7.2864105939841,6.963130420987137,7.190075886516541,6.692910041507694,6.906591709978556,7.06205253599057,7.2821402916128
4,s15_c4,5.350600254174112,5.60124020652336,4.693576111661253,5.048350698072728,4.812189198571869,4.842602185925394,4.689048351929463,4.721423299718201,4.686491566291364,4.717869787956419,4.73010787391241,4.7634148224795885,4.512698449451667,4.545417953794692,4.90435262529591,5.015415394807701,4.43436748467329,4.478285134903013,4.580156689752773,4.6090688501413215,4.500636750924899,4.514762516958301,4.69927894671955,4.722453820165106,4.374751573332778,4.391741458101755,4.168032298792982,4.1780190551344365,4.518377846046136,4.529091902746277,4.354246285932117,4.376085181204286,4.345996607441504,4.362232241996058,3.939038455224876,3.9410440850980226,4.071746246588497,4.0762828473740615,4.155582664760661,4.16477617397541,4.136135396343035,4.14170157987705,3.978219644311664,3.9817767366565047,4.055655044373939,4.058163797012221,4.025169171151679,4.032749899711277,3.72656037902459,3.7305219058410763,3.808202822701184,3.8091154559827736,3.8516832458070613,3.8529839361143896,3.98566992519518,3.99025611834659,3.5856102429190515,3.5877996312761944,3.8770379190607094,3.878635759429043,3.834080485923778,3.8354148286276897,3.7214069226261506,3.72275967679904,3.979865586705704,3.9852958115960875,3.7341203173795776,3.735742783063365,4.062659748815616,4.067806405094611,4.32849224188236,4.337938475917703,3.896740379003111,3.9023769488098883,3.905522097474866,3.9081027091291882,3.803088435397994,3.809309222474102,3.7418265461718807,3.748601908500334
5,s15_c5,5.5629437635373185,5.769995625720503,5.690787020507873,5.9858239085462905,5.3670595279706825,5.583859515646652,5.631208420102293,6.07723003852124,5.841442501977476,6.311571735520752,5.64971612874611,6.066970886595018,5.536949319656351,5.754723276168363,5.349189005491244,5.557472512238698,5.88633446441823,6.186999932544162,6.08019326546465,6.257260770162407,5.701829897518971,5.872477414835315,5.767185706864004,5.929919529503232,5.4367911135408376,5.506119646059819,5.223127630611373,5.369256663061635,5.843636104654027,6.022929339885911,6.916821466718184,7.168928392177484,6.5717776227017,6.927826657443892,5.828424203504557,27.99972802916814,5.881604248486404,27.360201198183564,7.196952186800029,7.74321420801653,6.577824001465267,27.850570737509532,7.600658588235156,59.038868946355244,6.916187487922216,7.293817597247884,6.401685554956682,33.14553266699359,6.3993717180483465,27.29094208139271,7.039741043350347,51.76880639350166,7.416657946879221,17.953778167981433,6.761778367550943,7.108886964378937,6.8692488636678375,7.170882120824944,6.943129721631095,7.334912967284899,6.614909447054142,6.922071872081664,7.360949510118854,7.711100241372898,5.8162816840659,24.310164965352918,6.570400603584353,32.51087700932687,5.89041865471657,29.98450595416858,7.247157369615014,19.07557136160735,7.062242533346229,15.772210207229827,6.341943184151187,6.594745508951423,8.084685995624831,9.003651084595013,7.843969689712237,21.719347412279614
6,s15_c6,5.877416393042746,6.2721120618859585,5.285825626937371,5.530247425394152,5.162095578196584,5.676793109585496,4.428299835554615,5.193890299579586,4.475680956464003,4.705295223188761,4.563691898412569,4.780144884303337,4.445386865486399,4.567340104106798,4.136869853307919,4.153091407644854,4.452272299984944,4.488854806405504,4.461012301990793,4.504158480586176,4.232860205268148,4.267098561630144,4.539579626296298,4.578871405459161,4.295685434202767,4.312267637970649,4.325104178974202,4.346218686445997,4.438703623247169,4.504998819601406,4.389839548790005,4.4289781085760245,4.205238989206318,4.247470634935838,4.018740765632097,4.022366507090355,4.933404280825675,5.05322892809187,4.602827942350748,4.653414514989769,5.138392559575525,5.747347655034798,5.373372650456921,6.136857635307329,5.308277953247522,6.888019303791037,5.90954654237409,8.614375507421439,11.814596984060259,17.853930930879223,14.03845878815721,17.594190545727198,14.988038323211216,16.454598393499325,14.781990252069036,16.947799017043483,15.746711788395428,17.736363231266207,15.668900145838293,17.081841391660017,14.516817958690348,16.51601912279096,14.213686823906318,16.01576728472319,13.73614986180824,15.94659121898011,16.00275157892994,16.76830791516296,16.404899785203824,17.902049577959744,14.749283449208558,16.736322633032966,15.318229756765584,17.324942944533895,16.651864548155213,18.829388311907177,16.23972788177503,18.128404823780706,17.489225334574073,19.49886970015173
7,s15_c7,6.066601396617107,6.2339869011859195,4.8157841697625265,4.862789699166128,5.00938214604883,5.064185017670481,5.386416858836239,5.533049096036468,5.7401755526505145,5.904422291892225,5.863303778831371,6.0428126474886605,5.721144232018312,5.841749926256154,5.594768963349354,5.712491478467172,5.9508869144151895,6.078906022191441,5.2894218744574255,5.36016725154213,5.227838022691972,5.277794562194035,4.6862456736714755,4.759353172590242,5.112533787571888,5.152987714426068,4.654549463342013,4.67219911748264,4.51909022745962,4.5440505859132125,4.752411078864989,4.805822067333669,4.834725243432407,4.873189840032097,4.566463334309068,4.6059282253465765,4.57066221191729,4.602749600051434,4.397321886286544,4.422173943882318,4.568617600498098,4.661175923916323,4.279765806235851,4.323958518910897,4.326234881064874,4.3591957252202755,4.283982499786373,4.327282725747439,4.042474202000736,4.066154291810097,3.706356988322526,3.722081239799857,3.9366970040781877,3.971276246525374,3.795018839285488,3.8122863596271075,3.849218419719049,3.86576535523559,3.5513693939896043,3.560151075483604,3.7915115528713503,3.8172217214876922,4.2053134798790595,4.290586703455984,3.7585092639661557,3.773402321741743,3.54852339664626,3.5598034221697032,4.239706537038942,4.278442402153283,3.8126695193137867,3.820407603815647,3.1697342573428413,18.074961333713087,3.1183519056006856,21.28317191755938,3.465160646064447,3.4675987871400524,3.00590343250364,22.570026605945536
8,s23_c0,9.75122318009174,11.604718377211812,11.254006313421405,12.250501744307348,11.269029730463421,11.626801724207418,11.697223819030627,11.864084604964221,11.49644368188493,11.761089115570428,10.478828079672104,11.565842448112917,11.027537895202649,11.99521833481376,10.683266778980812,11.625102735783775,11.940238485361274,12.733644840741077,13.748440620600899,13.899615007959314,12.87119391313729,13.07495100830784,13.282822818026762,12.946841495195445,12.871065051959006,13.202181472513395,13.682631785652989,13.749781807730072,12.579629808649496,12.95129000004129,14.251972513992532,14.119320585434089,14.749412993080277,14.640973384951826,13.668278362063079,13.568783388138677,14.26397802133598,13.903087345100998,13.028908582606471,13.453507747836023,12.942719617145402,12.937281015089447,14.156309037398291,14.564608438006896,13.873589227782363,14.580584032207364,13.554670563888157,13.880697964350734,13.175211755730391,13.882764474363148,14.339129537284892,14.419949900228092,12.978237196278739,13.48216548019554,13.838547833067057,14.10755599566021,12.51873688319597,12.693736459255378,13.1264741111876,13.448114067922532,13.361233634920334,14.055066417792098,14.496336343219086,14.206499181128247,13.827213595358849,14.128464701550733,13.465153764362833,14.27350869856984,13.090529807798628,13.26133158187746,13.247992146254864,13.935056971342734,13.449604100997817,12.83689821149412,14.178325470355261,14.224122547954899,13.495762202757568,13.71312215190327,13.79547955352662,13.89978099484575
9,s23_c1,12.691121508728502,12.683731299617016,12.167005270138509,12.234289141897987,12.496636851043645,12.421550455032301,12.883326253711129,12.426772898057372,13.232935283758282,12.820343500752397,11.550743230754533,11.51442366189563,9.376866688192303,10.853651313862379,12.267810312892227,12.77200423585139,11.338016490761019,11.79777895799273,13.38428898955033,13.003859147716666,10.043326528734466,10.391025365462204,12.781974327607037,12.920172504666644,10.273037743892093,11.880013068138704,11.639604620541895,12.576044135328903,13.406614734760756,13.242623353768549,12.611680994403297,12.6027966337218,12.448411541983797,12.76775452472174,14.856637520486716,14.604357796502475,13.354698103963319,12.809421432860411,13.361525795012744,13.226109427246138,14.22331125255073,13.89984511876923,14.188689259117387,14.158939103262211,15.57472411535506,14.81535755646063,15.616209200358071,15.561398995278768,14.885656373306993,15.162581216435404,16.276633727176744,17.341551889029887,14.990086611934212,15.944805646968721,15.999178768182944,16.421461767728125,15.62247142315373,16.279974494400573,15.203181818854645,15.553413810694392,14.678606773185875,15.831770869985908,16.951875168222994,16.831036521789617,15.898198132709574,16.01133226909084,15.807258349706292,16.14052026649078,16.155545811705355,16.371498304539656,16.693172744387045,17.21810827243383,16.29547632784292,17.0909247942897,15.631599399417636,16.125335310288467,14.985456285289528,15.194496235576276,15.82116110059318,15.884595701814817
10,s23_c2,11.450739301390376,14.258023979209318,11.546127060790354,13.925857010256857,10.723596435599633,13.437341973557295,13.163677353229325,15.048919013709815,12.144844422692872,13.090784718283636,11.637200191416603,12.18545838843645,11.53834132264109,12.592615086541837,11.45847782312034,12.308783741278862,12.392541260934673,13.645556998401188,11.615513213081913,12.142054064229367,11.841802685956555,12.889893838969774,11.087356629455721,12.27158038594055,10.733653487703705,11.39884692636825,12.22252204873086,13.718604658435783,11.784102426541121,12.431286315576576,13.170148938143814,14.821062427233317,13.019953683047058,14.616090964263266,13.887877742762022,14.754290065767771,12.056059546267784,12.977729149002302,15.524712724905562,15.521157580710005,13.041641823042822,13.207785390647846,15.00721420008838,16.044622330858306,13.795971723303433,14.093036508459983,12.902600692513902,14.439732773367318,12.10298424438515,13.750053378542962,13.532733569442662,13.744827999484063,12.270196481833972,13.999296601270233,12.589148650577672,13.456092901129232,13.944755961010317,15.11869271520666,13.104820167094072,13.809422039428291,11.293148454371062,12.576734694871952,11.276225203589743,12.476978457997381,12.516414391210201,12.5629182966771,14.616620430063586,15.203952856421111,13.2015458318314,13.39356080198123,13.18640316803345,13.182037599768883,12.383601766548544,13.0289371899679,13.841887079666616,13.731424721271242,13.232208606455126,13.37374399979049,16.668871530781995,16.154095143870567
11,s23_c3,14.561888516189414,16.909823686442454,14.837786114195724,16.98823167809181,11.88563589098284,14.903486015011474,13.945465922359272,16.2987787073486,14.486343813888475,16.79972981771541,9.622557000638992,12.07490235586526,10.271922283738823,11.699276859281992,10.371365276237183,13.002984047269042,11.891299098098225,13.831441860029491,9.803822544445177,14.413898779254593,10.356251041623146,16.144909045537997,12.432776931682874,15.823203315994528,11.466954086216246,15.125103506331165,9.543520593686628,12.308872547617131,10.969924430661663,16.047008262237217,11.821840073755775,15.450146294691997,9.081610073073257,15.338548246481945,8.37378508779592,14.018703618096271,11.932790348166462,18.819663274881396,15.440244845737634,19.019401619466663,14.630974008222298,20.536978765974837,15.910324397673607,19.30639205475696,13.135869969039195,17.56087231521756,12.424899733635607,15.29846701901382,14.593030404144958,15.943846728084653,12.921088757010216,14.952806859893874,16.763045582526505,19.188341888791467,18.932999061804225,20.929448532250778,18.482553090396834,19.728933845260578,17.89193964192822,18.483113873398725,18.591637320771504,17.991039009690127,17.601973191962248,17.55643879816681,18.09315006526275,16.986880947854264,17.80380212082859,16.59495914763411,17.075758703524855,16.021531019982845,17.34484634860571,15.850270936631405,17.692974085067313,15.722501292209033,16.307025753434957,14.98769159334234,17.646478570053425,16.79647817676667,16.8179404430249,16.910195412556227
12,s23_c4,12.011131666008946,13.179587897661854,12.401406957918443,14.22847967583598,11.944555895381427,12.237568978647596,10.062734552104214,10.88844641743937,12.808683129341649,14.344161052283791,11.487312803457385,13.916470290122339,10.072839347805859,14.386668265722719,11.711441135663557,13.356595847308672,10.752246735257154,12.783160182307913,9.93598871478409,12.026027582121165,11.424007041377386,12.857500470841211,14.022222889002316,15.624446424350893,14.474657029250457,17.31966431977781,15.65646491949533,17.88177246291911,15.81420175999991,17.68584419775263,17.87856688531252,18.869238689410544,18.074539639421726,19.80057831484312,18.672861153647613,19.483516391557274,19.637307894230588,21.216320400835485,18.277169921829564,20.77480352425645,18.6779226747288,20.35480825370233,19.028049835491746,21.561504616073826,18.111816747413467,21.15982639577984,18.940127396752413,20.81872007837624,18.676956092193855,19.606024612266392,19.892790766045085,20.500839737386496,20.730659052189093,21.043783051163494,17.75978113281868,17.449054912054176,19.25974703959275,17.581373040372434,16.84137730418934,17.242209712383197,20.102731547042325,19.95556016070309,16.761496392480677,17.95233806708174,16.176447334522713,16.473534843840344,19.843687560327112,19.333137425065928,19.82538722830351,19.544700285299463,21.03472984091432,20.41794143199106,19.3783605030114,19.895827199291443,17.95674068101853,18.197998309628975,20.25017297550729,20.15036177387523,18.676018993178857,19.318737711583275
13,s23_c5,12.46601838670609,15.35807445130551,11.013403258737307,13.402850860948728,16.304639712399606,19.726501440026826,19.853661707761095,21.74747842231315,17.29583529694938,17.92545319596249,21.719791378987935,21.757513695002494,20.306168234943296,20.53781383931952,19.97037882464996,21.022498047421,17.9792672212384,18.51348820197693,21.068482946431015,20.929220496879942,22.52817361754844,22.807049175733006,21.317265260190194,23.011564519153062,20.599625640210967,22.7293257338767,20.775679554624112,21.205683951212887,21.773262744946525,22.15952321021345,20.55753728054841,21.769832504136833,21.57215304260842,23.079825736486047,19.817289146675822,21.318332633652677,21.861947364985426,21.23206799965877,21.705557975600303,20.93790813950045,22.823574204614353,22.447863319824208,19.378613482342658,20.37063023517658,20.265081527967478,20.250736819073303,22.028460617856744,20.915740260710763,22.224118342844882,21.21533444969894,22.09919345228755,21.194611766513376,23.54284396852365,23.20933486188302,23.03911175911953,22.09936193461435,21.967769969329485,21.710614933433057,23.522537484479443,22.62273077231836,22.20728966886834,20.16103039214671,23.757079670907615,23.396905125235392,21.784602728752972,22.913197125612356,22.545273061230365,21.632716707346248,22.41217231931486,21.698056879089627,23.618632543090825,22.676573257699825,18.92988161408921,19.615994453474617,19.450877088047584,19.903621602883483,21.37755353301698,22.196634469902992,22.65573865328952,22.730643223707258
14,s23_c6,7.907909925927522,10.674384412180023,8.795138714067264,10.40294498747292,8.943628534855753,11.782497843664757,7.7037947570032195,10.74088293309916,6.837205117393641,9.998028593840797,7.0116939653368995,10.357436604520762,8.60478140851402,10.9203767700646,9.34473877512099,11.38337237678286,7.344737240146827,10.159475562611293,8.944875468333803,10.676247131717043,9.791903629745626,11.24523000468613,9.774837908750776,11.17983087360331,7.728630003126059,9.787116251049081,10.98346320107946,12.729406031081629,9.313653766464808,12.150803846166218,13.358624610807034,14.370440620724155,14.47575471953138,15.043465286114738,20.68683060528209,22.822338487261565,19.384111413297838,20.512689663932363,19.879191422156218,22.07203226416276,17.69172909237508,21.38431199540345,20.667951341246866,23.45660950865322,21.285605233913028,24.047560740985368,25.74758744009952,24.588841602913618,25.2503964040681,25.488197086958994,22.65321318306983,22.719302093354745,24.93430077251255,22.975872310731592,25.518378411237453,23.7576783194227,23.728985598646265,22.731923831841655,24.32905374331228,22.563493216578607,24.866184829826754,22.95206651258393,22.73869248897563,22.12148087238652,22.38914270942868,22.128659388498285,20.719464328130517,21.23172743802906,22.51206377187665,25.174008679504787,23.053862053055223,24.31400042147563,24.419751966280565,23.331586177215687,23.129995030474433,21.945017234413463,23.706648222970493,24.663889092815133,24.30965491806719,23.45579184074363
15,s23_c7,12.239124321496769,12.634759988173355,14.6495018083249,15.133593004921496,15.739543000580829,17.00244845633704,15.488946666198707,16.228312593195554,15.818105467886367,15.812642472527973,16.143755187159798,15.924223442915526,15.883445146410276,16.275762015884595,15.206767950735438,15.351551545792631,16.494228341446593,16.130939063262453,16.657551711844963,16.255033248116895,16.793408424847698,16.1577649230301,13.301108108459767,13.687929108432941,14.430280478892476,14.111993532269368,9.702006788587168,11.748974095214717,14.41044541927456,15.855653765565561,16.854027606782264,18.53021755726988,20.1654894671996,21.430845812091682,18.4715313171298,23.16615556776513,19.33753294398214,21.86669290692614,20.61730584821791,21.599657165895813,15.864739430677297,20.262618694072795,20.119969572953938,19.964261710437828,17.72836636827785,20.917032647420605,24.91410050246704,23.24900990754113,23.869155868676554,21.37062466541844,24.511934323563548,22.22813734795592,24.61993223808833,22.43387784689538,22.913925187690847,21.420302514260875,24.173469537912844,21.673896642105504,25.05359856211571,24.54290485142584,24.7708055033481,22.27677047206373,22.807527796297027,21.977922157959807,24.447883768889014,25.65389195120126,22.131330670014073,23.29306127992683,25.71690168676776,25.173389691995148,26.62210752189966,24.2947636571855,25.93538793657003,24.057883270996253,23.759177073936815,23.22220909639658,26.22051429800915,22.75540997584047,24.902477011245434,23.781770068618876
16,s39_c0,30.334877689318965,27.240201281566236,33.83494619627561,29.835510865456886,30.99059522625761,28.4054480069122,35.354483889158566,28.988402732424543,31.058060903996367,28.84071227039436,30.146384064837715,29.176963394645558,31.516004331670274,31.807848035334295,25.31476505924526,27.390587279440457,30.75573595328912,29.484480265129317,24.909287953935117,27.368378969259016,26.477302851188533,27.576263883707973,30.771017186013502,27.538598214283265,32.35072717700893,28.361219461638516,32.3920915606443,28.89248429008033,31.192666494265623,27.721807275827793,29.6807724891534,27.305188223925906,30.442309438724955,27.211269375941825,29.60873872461627,25.87815706369547,33.451131709776035,27.587723312253075,35.109453886067755,28.63206919488493,28.346459227228344,26.410861299438103,33.68299780027469,27.178324820756867,33.59058632142791,27.666897830282686,32.43079563573807,27.97912172387165,30.48975175766815,27.77649356952494,34.28539528952103,28.03696354024995,35.4176400316893,29.237378540296714,36.23159798157232,29.475737979127736,35.880425323032846,28.81940417263438,31.455562022850277,28.070259397965255,31.213424847293595,26.45518410016962,34.04898709508806,28.217322521685166,32.98577002213896,28.60814086991244,33.04438984752175,28.707852548750886,32.25790858603427,28.418233559741076,32.23448891086846,26.197688955763944,34.50877245607499,28.90456655694959,35.40183670935096,28.79873309230828,34.32582712054809,28.275828907452333,31.153765740518537,28.367321091319777
17,s39_c1,30.793106569739408,31.450453324919224,32.422977434774076,29.269597144103617,29.934230306589708,30.838025390951707,32.06147792618884,29.6033346762732,33.21734387391914,31.230450339711478,32.47831049765858,33.08985674936846,31.049682579494885,29.628753469475747,29.486168130198827,29.39407050039634,31.49925379166319,29.493360258112812,26.25797271505933,28.37223920884896,28.982927940738335,29.042424275609264,27.675651761154214,28.725929081259114,30.531443084168814,29.623052491448462,31.163898487275045,30.25736646772314,31.735094521770005,29.378011156012523,29.33717739041205,31.805206732129726,25.023891717247643,27.008172177091065,27.278117316948283,28.383945050744796,28.062357819876198,29.452006452324923,26.236013206356755,27.460775211656934,28.08677634749389,27.849730785839643,29.146635615850737,27.69247981958587,28.204573619490894,29.53360642318039,30.918927775452513,29.195980589478392,24.159521434328735,27.913615500729417,29.192096177138847,30.18236272557735,29.974363237910275,29.66853519026087,30.610872904655892,30.260292067960762,25.76252210520733,30.928746999634217,23.561158691588044,26.974222440348385,28.31602180494394,31.22669972610497,32.449895704377795,29.088228107533613,28.1806421360514,29.251912535037963,28.406480521938782,28.015530561275355,28.68914792901226,31.50889171607784,30.145634227761576,31.14232371305915,26.75476244655043,28.88281410482447,28.203562050026513,27.610378723501142,34.12484324967549,31.1886038745288,36.95465137158694,31.407607346873306
18,s39_c2,28.642681163989334,29.170054357880982,34.66469353992414,30.536014355900907,34.1114381781158,28.68290324898939,31.399779192549804,26.844338752834915,37.47143046216418,32.3713180933947,34.490428840285865,28.58583020194836,35.38122701643073,29.04289306357319,35.87503833772075,29.167147637305106,34.76306805146712,29.72074682126076,33.69548450603792,28.5872988018525,34.79599932474803,29.85800361481353,36.769266368924114,30.433740178933753,33.52723994213778,29.606555909350742,31.889440141528823,27.50326301500024,24.427268813034132,26.84386791765306,19.332180543644157,26.476456529909274,26.649163841925635,27.200368136012074,33.85610621096449,27.950691832367554,37.58064036092553,33.050050958840906,34.67065259034612,28.22120586383336,36.2177566158303,29.013324348678537,34.63692581921406,27.769149202240946,31.371175638738613,26.431369154890053,32.90212146226968,26.80324612464213,38.29481534379423,33.05890984803587,37.96267529818195,30.541648663412758,32.28367862362308,29.98814089039482,35.46180589879438,29.864886488754802,38.10313495445991,31.742010424202817,35.61923540740585,31.172723308673216,27.64564543558007,29.498728560233975,37.04264193500347,32.39852202495454,35.5571869841095,31.397703126646885,36.82664143921671,32.05640555007613,37.44004853453529,31.49480551499612,24.88608341164727,27.4331501208006,35.54444607705951,29.8040449903892,37.19372603551711,31.288534484352144,39.65672094522176,31.196438426886107,37.84238566792154,29.546914505667292
19,s39_c3,35.07458706746351,31.8274002897118,31.3352376181181,27.96488499924019,34.32865271498139,31.36092159444464,37.567071650224186,32.198185310966544,35.684610300631064,30.526192572566547,32.83543981015462,26.918743553858985,35.09349073543554,29.126458618985424,36.24052474177606,31.357877740050725,34.4405619492586,28.816429390274607,32.56812847367257,29.18969564496724,33.327340327823286,30.04085589393524,36.262805715913444,32.581111751739925,38.878772546370335,35.04117576016179,40.14516279193211,34.29252386446338,32.611897584331494,31.033182258482658,38.79304250779583,34.12495323128637,37.393531613139,33.702027932005215,41.13565016710318,35.03799580431048,38.85081178120997,33.97894951885548,38.289081245036705,34.3437040271458,39.434468149926104,33.41374029666128,34.546652418734155,31.493004811043676,36.79302053687441,31.402803654867075,38.062775867876724,33.98309449162415,39.38930726958509,34.88067199573314,36.731758121573264,31.728120756808725,30.730913473125046,33.702235658019056,33.691682920606134,31.853531419848608,36.81655325773447,32.02029710239465,32.80973067825104,29.89922997190035,38.327437032411815,31.37211822642795,30.008310878324945,29.165893142024544,38.49712364595462,35.299585091550526,38.13126962918581,33.3598413310137,40.826410864839566,34.22845651722735,35.651449015379484,33.48625692784538,35.47512254781333,37.135951969393034,40.089386656204155,40.90420773063487,40.12900722658063,36.30001334409149,33.045859685858005,33.90549676809913
20,s39_c4,33.96885868122157,32.739662170570476,33.085902245096946,32.42477442154189,36.30376217360264,32.84719166677974,36.853602387345305,32.80273945770429,33.49459307481406,28.672103341337934,36.3224374863428,29.617521742579434,38.420671365017945,32.008807581596116,38.62568018743115,32.76347613844592,38.87473914716802,31.402490873246496,33.919496966912256,30.04632162491799,35.731494219722286,30.075634392534344,38.105187967727986,32.904250777853406,41.35087485925822,33.155147746961646,41.89359916830614,33.90547592052655,39.608773167546104,33.16212166500507,43.036852286472076,35.52029086486117,41.47653680227173,34.41791779063095,40.54742797009797,34.97133334699092,40.72337996300358,34.08772377171929,42.60567408455143,34.70057072166626,45.02912572733892,40.17201214600307,42.09208303054943,35.473330326322234,45.71942138195651,37.5749264288294,44.535232689086826,36.71137780314407,41.71813281257346,35.609484668136886,39.85543712511727,34.67947166424533,40.02089873256824,34.281399499839566,34.76599895133329,35.5511393837185,40.56664083583652,34.403650840349826,35.574122666592906,32.78201919354412,36.30958320789329,31.64659392163496,34.77755186332874,30.810923389196446,41.45278208891459,34.62560675886182,37.31368408937439,30.585217290785994,33.94372815025417,33.702704164902954,35.750950786564,32.282513213372994,40.47342158572425,33.28214129335149,41.13240380383617,34.547854908509386,40.46324522515046,33.93448839903018,40.56208892660726,36.03271053838901
21,s39_c5,33.97329345497196,31.345017712896155,32.743783402206844,29.95000081774471,38.821332345622515,34.993594583904134,37.71270018625841,33.43160817401847,37.539472931860104,33.507727394468844,39.66740826433462,34.5230697653494,36.84213041185852,33.21156315460121,32.843916534066786,34.864861504805205,40.57540859292098,35.71835098181398,37.48711337596,35.88311886611098,40.80889800011176,36.10045698855257,40.595703754854306,36.96384512596362,41.62423387935987,36.301718997427834,44.36834953493481,38.146077087760254,41.531772723645766,39.482546581864106,44.62276876770813,39.775231337004854,41.133486578695255,38.98438637771218,44.53135314032346,39.32457833877081,43.744429669124536,39.570154820727225,42.92183147159614,38.566919124794424,36.45201465973921,35.52345611802348,39.41194528832757,36.70617305175014,43.932671648707895,38.21803638197665,43.03735828554155,36.01454067523205,38.82900424064301,36.9799292485082,43.536110370580694,39.612859170422475,37.66709665074352,36.95688176572637,45.71830823677285,41.27151799471026,45.715707349834446,36.66356735628278,44.68381896027491,37.42392857067022,40.118331722712064,33.84609871150431,42.42648621577119,34.38822268366278,41.90850726053633,34.071635039289205,40.91424996081739,35.12684386700336,43.74827985490727,35.048761838699235,42.679443480452626,35.11853771508976,40.46176506744097,34.6138403814451,45.31815435856977,35.87283379904872,43.35657646966475,36.028142067201834,45.540851735179984,37.15308329448151
22,s39_c6,33.625926440667456,33.22042430392728,34.35405378488859,31.441859624367044,26.243479097776618,31.57710045206001,28.859554561256626,36.0938292944127,25.70071903461248,32.80086989175962,37.70013483428332,36.343904291822476,44.43761164341007,38.57877903631144,41.72391633050165,36.82798853346942,42.46080865507988,38.15808877240398,40.437789994181415,35.4861837807716,44.33559119071216,38.520583728948615,45.42169256138323,39.0242962536058,42.30940187241407,37.27049419090813,36.201981576759486,34.89914284708931,41.69893054173638,38.67557690787403,35.909766637200065,34.15041444003248,41.064863324899946,34.036898209230884,43.34693075198078,34.83305404216937,44.55913390712644,35.481280648826726,46.31922136639586,38.123624451048315,46.373507555692214,40.2502868540839,45.19943264784584,38.78038576482692,44.8543704643202,40.22426514197604,44.78758888113592,42.232430445515064,46.65310182462701,40.00030808554398,45.47617920165615,39.481142968919755,46.224627386630274,39.93233432333515,46.6145804076601,38.2812231799439,37.45814169666132,37.068044806957865,44.69818439692901,38.00405959542044,42.361543939783886,39.340248660266134,45.825984988538096,39.71868851310432,41.204760456819315,38.2897913811642,43.09312161947556,36.88686350101235,44.31563138182806,41.06381229336209,47.12383759210456,41.42243657648328,48.85320653887342,44.04734170078313,43.783295215931936,42.23748062842972,47.3306565705709,41.37821608407981,46.76940968876455,40.19677625825689
23,s39_c7,30.062095062835432,28.63955489174337,34.08346852179497,27.88188639348848,36.25617154355241,30.189953480251233,29.810989614220393,27.548191750995457,38.5942440518465,34.64732158971581,36.698513805714526,34.27996830629077,40.0764872736139,36.61909461174,38.32308378236494,34.063438795536605,41.134825419687395,38.63431918999107,40.02177815608725,39.04731076920812,43.503366971614135,40.226420603805735,40.98006368428767,37.41040488825759,39.0190287074281,36.78002201022159,35.889743435958856,36.665436888081715,38.371268331474404,36.63780244195609,45.63321424314228,41.752463201739566,46.883056459812884,41.94919416186206,37.86841835257895,38.77322863815405,35.27794055203648,40.391831049871364,40.74278749037263,40.696467105253745,48.3176268540189,48.05276076664268,46.81957980575138,41.46779399308551,45.057910551047286,39.038870711232576,42.39479425659769,37.08579867092445,46.892939209329946,41.36442680288925,44.903475324892526,41.08320729199835,49.82977322183526,42.910887324160164,47.82345382371548,42.73644977456351,43.95330232547286,37.16128884859176,48.043737195427,37.783995886949754,43.30806972311746,39.17676090500289,46.566388766995836,38.506714162764865,46.42534141542052,42.5685533965199,42.3173461095745,42.67833817243586,42.95688450604326,44.07951414785359,45.363236513390184,40.19775049512212,45.432966908446154,40.88827410721333,49.47977822187822,45.24322504010189,45.59575958816682,45.99794829452514,43.464297847309425,46.63720481369826
24,s62_c0,60.125522315350175,52.85578810884415,54.56697305245054,48.42235004858846,63.841751469388925,50.40249215820652,57.1789872275397,52.2891632414281,64.74526408783736,51.117937099868584,55.07649233790285,44.30013967241816,62.71287048162452,48.798750356760436,54.210598586063654,47.500840889257894,56.983903249756565,46.889229082214904,52.550407040821995,47.05654925089338,53.84644457928575,52.00760151865413,62.104294185975604,51.721383004595,54.24325327572624,50.317480834665645,56.385340569440096,52.083286182683025,62.503141822133784,51.86342006629697,61.20440561270033,50.09542759936419,66.42789524915628,51.62993388791874,57.97298232358276,50.64678615949321,59.67331688923995,53.776144048158756,70.59298842897984,55.61829874929024,67.92361833542856,52.654381254737224,69.18477957101192,56.15077125684314,64.07930278554855,56.34999407605957,64.21376418538016,57.77730877920183,56.959349660357084,55.65239108127461,61.16454343143872,52.11647119187321,67.361952329204,53.51484006736086,61.042358344316774,55.94473922017203,59.56050060774318,53.25646217423394,67.00047440211661,55.73634364433906,64.93286944001701,54.1156210001557,67.12208653849937,54.223094144271556,60.116814984829126,52.766948959058375,65.75777491527805,53.38556402047285,63.62808024137816,52.93257671613712,67.39734164415022,52.788472921874764,52.482265711168345,47.48055748393273,63.87897474553672,50.265518548860555,59.11844585832656,49.72607192266616,42.42854761039212,50.627759117253476
25,s62_c1,53.02991323990709,53.557173368781854,63.02277166300775,51.53909867741888,57.8398416531196,48.90622848037793,62.85920506542106,53.21262903403285,50.66053316858509,47.922372211344246,60.662484457503815,50.984637649154074,64.92072555951718,53.61700461098124,67.15891621730631,57.05383209370709,64.26006372996555,55.663712027538466,65.94582007500732,52.036804309283035,61.16529444322357,54.01690347142775,62.601448566273085,58.82686243888381,60.72050343932269,52.713312084524865,63.76851308925839,56.6553100980762,64.96780558587324,60.69477895085168,69.38510146445931,65.36838941331833,69.57806989355623,65.62626009284331,58.434741514971286,60.38793295548304,57.71387541414995,52.668112813969714,66.47064066456318,58.28077841210262,51.8675351265824,51.95353694114397,70.44787743470233,57.61001137866978,71.27578286104244,56.82010649115387,69.69122652384209,55.91733266132829,66.09085449688128,52.796065470820416,62.947399693055665,51.16917584763159,63.21860265567116,52.2253997551036,65.70805846428716,56.36408290173021,46.283600160116436,55.774464944874815,49.68368940805291,53.838421823704806,61.555958181112985,55.663681134282236,67.88926095291144,57.63272164745227,66.84174909400065,59.41148253672249,69.31853049525013,58.42706807403773,70.43228287677164,60.54542714483251,69.66247610846466,58.77320392357229,70.96545755481563,62.40816782943611,67.46725659754662,60.357619840439064,57.27632300982412,57.15764025563714,57.84212887378417,56.40810745598289
26,s62_c2,57.04705032317368,56.332125395864495,63.414895484413854,64.67312045942934,61.28368462050562,61.75596720099772,66.22139598385039,63.54270525021762,67.95819998145454,57.42575674105962,68.10763031631109,55.50256320932909,66.36235426397643,61.036987722956276,64.23417347596217,59.47169411972859,66.7937348163274,67.45357296461162,63.5392695078615,59.806540735404624,67.17291335165059,58.8567393354647,61.829890795769415,66.6248828882031,66.00105802805932,62.115285909695515,54.18569543483816,57.983516424468334,69.1775757096632,57.04102291268958,57.84645181093652,55.97881923141878,64.30114375071138,57.260128428546025,71.6632663540165,61.14808493531797,65.80591709052572,59.03391260871137,64.62553753037743,57.88186497996712,69.64867555362216,59.68988190588582,40.97113824534697,52.20200672521426,67.21159449661307,57.68884290004537,67.50370660662128,63.06243143274343,64.83474537643099,57.86899528790143,70.67515753696682,59.199316016766545,66.07791839149911,58.73071438556978,68.77383552867822,60.60935322011472,64.02381902717194,60.704159602800615,69.7028664697381,60.713623716781356,44.170637139948376,59.82159591117851,73.17853796560149,60.48506121228761,65.71501497127134,58.6012856589597,67.93601933684191,62.85318579721072,67.93606900168483,62.85595865616594,65.92557096995313,61.589526799310086,75.81075032258627,62.47538391486936,74.27317502209632,60.3386393123503,62.11382418946274,54.82403261589259,67.76988998426368,62.111330805929484
27,s62_c3,66.24615738284255,56.653845994518186,62.853287509268156,52.55919344272628,37.0634996788785,47.89366712834469,61.45536718398265,53.501957769387325,63.67860785124425,54.95171767518446,63.98368290563055,53.36203202410534,60.90604376332334,54.6259172475541,59.20860702379894,54.56186372602093,59.21861985829242,56.05993182398549,73.79454393828682,62.78976361769631,63.90575623898148,60.87967080310967,69.04880674320597,62.193273876115555,62.07705325364337,56.681393048466255,66.66896427067418,63.9509013333068,63.05962117499218,59.14316845991955,65.43608002833462,64.43478909404057,72.45883407955226,65.21615344193968,63.31444148430528,60.6725538195752,53.99747728810504,60.62020036842153,67.59182104278257,57.84232406924987,59.63540542131056,58.844345353903606,68.95539302761635,62.03024029828271,69.63985207924458,64.4242141028608,77.02631431194688,69.06399868500039,60.34936750827962,64.01512637976883,74.3351799593342,74.86828445284654,72.6462375548998,68.91297957890262,68.20114852296423,70.97083764101932,60.75078734114303,65.09862006099873,66.24128708426632,66.68787579875115,58.446373478118204,57.359656803686164,70.09797345861962,60.721530659058224,75.0035728191669,62.34954619950553,65.99097673980401,61.459001120470546,68.11593596138472,62.65895100018956,67.54043163624974,62.02111289216414,74.35188118897797,61.51360939440727,80.8388266592718,67.60378148620727,68.3920239686759,65.15876148453881,75.83901365199296,66.12854947175119
28,s62_c4,61.830123952243895,64.5943495850168,64.74188717323256,61.01305566939393,71.9523275692182,60.873421660522006,47.269130208475474,54.84697613045545,69.21227649169384,64.09584139901538,70.3883491280049,62.18896442267106,59.99442326322245,58.256838958756695,72.81707339442715,62.66128705734147,71.65624495823278,59.99458181826103,72.7715637623901,57.480176528111876,70.1744616102379,63.82572826172247,71.76809661617243,57.74593297656524,75.49445722491839,65.1840598066695,72.75567557693199,63.166853134357204,62.92358077662836,63.220276849669716,73.26883627303587,63.4590222760509,76.41056403495378,71.37118460997331,75.55284354764501,69.09293907579647,71.45192738679675,63.95913581776482,73.59177518033603,65.7953124187051,69.02360370483505,62.44075748801379,72.55974339024303,57.8767800653804,78.08557770625912,65.07254500176302,74.32194570800084,63.66246766398565,68.52156986655181,61.760855549693986,75.66587659186489,62.297340458094574,79.01774109418271,66.96501843894022,64.20411333400847,63.35826398140778,67.27728677638758,65.29295585056809,72.33379542291789,67.76885426163948,70.55462310855954,61.18116911994411,72.19831082364271,63.16587807369436,71.35298178858397,65.67872433047324,70.32020891220469,64.38015655337708,68.60642658257419,65.47208665549132,74.83491307727321,64.46311088551506,67.13447099443007,67.55143187197217,66.0831346657592,66.30396268339611,57.68680586475886,62.1764714687276,77.89965788284695,67.90366391907847
29,s62_c5,61.2453167071902,55.94061614977074,67.7166444685794,59.96451760599698,66.67446476091817,57.693254610799485,70.38920936063923,60.263650156308366,59.01211130066329,57.75877051540738,73.64361867760053,61.405511584577845,60.44816910429354,60.688604864404596,71.11538987327751,68.21482453615954,73.96898840921551,66.74809667871016,69.66341155105948,62.027532730346266,71.57666483506517,71.78790929359475,75.43803120245943,69.17740230319713,74.58541136345565,68.23859929157368,79.35222319335242,72.42349741531619,74.15315793446749,70.23596519587726,74.71384711269857,70.33780816231308,63.12968151945619,60.15465974090578,63.240829614186026,62.16164613211315,77.75440139768295,68.63103413142132,79.97993103292558,70.27077576613289,71.4799962799328,67.38387652012773,78.59230343049428,68.65531239842585,73.82848325927073,67.20288735667195,67.14410475726528,67.12494272498552,70.98866802006937,71.26369965094447,77.21885536274601,74.38573631385974,76.3472013348974,78.2914513136653,80.52760882936563,74.37202586273146,70.0894131350196,70.33626004993977,85.20554544148563,73.37497976784343,82.21066036210006,75.63566388270792,74.41353046677482,71.30923416819479,79.3693740255473,77.32576593483526,76.05857778195457,75.03717568962927,76.00540403416198,77.81589580642421,78.80340330711665,77.23404446065864,81.931225567837,67.6105213832724,74.55259856606808,75.18544035649423,83.24375815295203,69.90220784556114,77.84096386233153,67.6627664354584
30,s62_c6,60.887445297830155,57.827729684142014,71.60852662975144,56.51046504965406,67.80427734984455,53.95981000730967,71.66255761052706,56.26698870613146,67.26208817158557,54.929344375442035,63.69891225087342,55.415167396785115,66.35535997506594,56.17343378124819,64.08227427430147,57.520748975450154,69.76898867751044,58.95294643034111,73.52955844313573,62.2483599226508,71.16123833135727,62.802302981712074,69.4888965898797,63.896175567761695,70.84548706616128,66.14523028346004,75.81074424026278,67.19119360825837,72.7573301239392,71.91574103410369,76.78688877355256,67.34895322815818,68.67650512648088,68.81215636696997,76.41371631443513,68.7307471916785,79.2103964690925,74.60940058227051,76.79476031348085,72.44363974840738,72.79555166804681,71.85956007282601,80.2330711737352,76.45906524205193,79.65510093815102,74.70366454058595,75.11090843782368,73.13729020649187,64.63650257934985,72.87616419381894,71.5837106931047,77.08215995237187,85.39739185272731,80.9611182879359,77.23699952827339,73.56612280812583,76.06222741037833,76.0782617832695,84.86874408719247,78.89647813452021,81.61808077888922,76.07112606819543,79.31040372027364,78.94935052456658,69.47616009115066,78.37291692102761,83.92724240964664,80.1509739057665,81.90718206777143,85.25852172170212,83.4945503570891,81.48764820587265,73.87786389754758,72.94490276161383,73.6108068845455,76.88104735291986,82.403538197565,81.01945940730455,75.17074467212687,81.81804011629494
31,s62_c7,60.931837564078606,63.449806043273654,60.83003095629855,59.90389513015353,59.521754281450555,62.03833479975892,64.35631459358136,59.82639343236511,44.25272066186215,57.13102650630907,73.83213995555916,65.56966258879862,61.409077924966056,66.35604617189757,72.2539256750176,64.79524539802637,60.766630275271176,66.00127492102425,75.24364636114227,66.50884523202532,74.66032023747519,66.62013367864601,71.32707051233363,65.10646794347208,76.00989377381586,70.69690054699363,69.89517699382311,67.94251692782795,69.5560347852192,72.2543963642612,73.44360428832233,69.6318061347692,63.95670723952968,65.62595419688085,64.85028792829877,69.34151534402284,73.98391274365262,74.75926340382397,72.93012279394199,71.91883622595905,81.59697117052306,73.61141259003222,83.71420502492354,80.64805970599629,68.55276119724175,71.7742364994608,81.41591127001576,76.75375242247715,80.70146545882363,75.54750162635473,77.5662825574611,69.29942098738289,68.60752581548897,71.97068357324034,81.44072180384497,74.98047901894313,64.8425196838163,82.06387262498075,80.88635087229471,85.45337989327567,86.27153847057858,88.7329918518877,81.50091675322255,83.71389512314212,82.97129260591542,81.14911753206852,68.17593361139313,78.20785361405515,78.34210777168224,93.26169996266525,77.93681240905262,88.86492150305949,78.87780814533626,89.43616281198373,77.1795291951789,87.51595202570309,80.65088413748236,86.00032859349383,83.98533721323733,85.47253047773255
