,system,vol_pv0,vol_sp0,vol_pv1,vol_sp1,vol_pv2,vol_sp2,vol_pv3,vol_sp3,vol_pv4,vol_sp4,vol_pv5,vol_sp5,vol_pv6,vol_sp6,vol_pv7,vol_sp7,vol_pv8,vol_sp8,vol_pv9,vol_sp9,vol_pv10,vol_sp10,vol_pv11,vol_sp11,vol_pv12,vol_sp12,vol_pv13,vol_sp13,vol_pv14,vol_sp14,vol_pv15,vol_sp15,vol_pv16,vol_sp16,vol_pv17,vol_sp17,vol_pv18,vol_sp18,vol_pv19,vol_sp19,vol_pv20,vol_sp20,vol_pv21,vol_sp21,vol_pv22,vol_sp22,vol_pv23,vol_sp23,vol_pv24,vol_sp24,vol_pv25,vol_sp25,vol_pv26,vol_sp26,vol_pv27,vol_sp27,vol_pv28,vol_sp28,vol_pv29,vol_sp29,vol_pv30,vol_sp30,vol_pv31,vol_sp31,vol_pv32,vol_sp32,vol_pv33,vol_sp33,vol_pv34,vol_sp34,vol_pv35,vol_sp35,vol_pv36,vol_sp36,vol_pv37,vol_sp37,vol_pv38,vol_sp38,vol_pv39,vol_sp39
0,s15_c0,1.0200572016687484,1.1914647225069215,0.8782953234037052,1.0377821054257383,0.9375459994336279,1.1588620806684704,0.9826830801177889,1.249417547911227,1.138247255789476,1.415255954003949,1.3059214095062899,1.529627810807176,1.2195049272399419,1.3933575387051982,1.2437558115225693,1.4445801806769296,1.152483360445055,1.3349481057001704,1.1063731400798296,1.2876072994059369,1.20182188832261,1.3859753673265423,1.0708882632251224,1.236870754208522,1.0909647344005988,1.2500115066291217,1.1003056804894567,1.3233632152311252,1.1352745183928257,1.3069251188278614,1.0657095524172393,1.2352272797991424,1.1924880275191483,1.3408962252286858,1.1552286807536862,1.3287821583136428,1.097594674705806,1.2591133902825253,1.0455167378716388,1.2189782085837668,1.226721863550476,1.436210825236958,1.1650339665379397,1.3236534264252686,1.1800294163608838,1.3462174201316195,1.090339157457216,1.2518515833518755,1.00208041074474,1.1591453589341685,1.133408999764604,1.307763413787189,1.0563858534643122,1.23797051862674,1.0312716271590652,1.225777183356634,1.1181247446858271,1.280291733200221,1.1378160040983094,1.3168968189366357,1.065456381544634,1.2232509429791292,1.1308973103485593,1.2740596080614144,1.1541683977028485,1.2934463357670467,1.0883211306178264,1.222650920508974,1.103573256533528,1.2441139549819484,1.1159331927654121,1.2872333879411233,1.1755535355176305,1.326717582414864,1.0956251941819466,1.325485720279744,1.0982734081961123,1.2543122234302058,1.2091073573001587,1.4031824760725398
1,s15_c1,0.8485496494105734,0.8666939624865804,0.798946362884382,0.8264393228899422,0.8375829474740372,0.8793726748520455,0.7968741925158781,0.8144053430141083,0.7703525120075322,0.7984945249530028,0.7495090956909335,0.7586207887021684,0.8332821452831677,0.8729850620726799,0.9028390560714858,0.9691945252147925,0.8190458575261091,0.878136682418199,0.8085991320019118,0.85030929146246,0.8937193329065581,0.9588003444119572,0.8397202057756874,0.8799800967595268,0.8337158342476398,0.8757857354381612,0.8762656090729267,0.9089943346917079,0.8341201281678207,0.8615656106327797,0.797126389365111,0.8052242545947074,0.8374708720367577,0.8646762468747531,0.9353530110993891,0.979986021498261,1.0556409408966998,1.1208103876967772,1.03012058536108,1.0683550530872288,0.9644013534417718,1.0284624096581816,0.9766516633935018,1.0340614198239892,0.9756352739239044,1.019921530857927,0.8673449024352704,0.8964028173903467,0.9779940184923313,1.031353726547291,0.8913668717101447,0.9169659635074879,0.9610837225138457,1.013925873995769,1.0048000422544607,1.0700823880802264,0.993762040143492,1.0452914345463786,0.9207913733375697,0.9622888482494826,0.866296269869124,0.902243629700322,0.892720829098741,0.9450445800829432,0.8229743635970931,0.8546489721680665,0.9442302574281354,0.9959357870219149,0.7597057095852054,0.7742047346396921,0.7820467542725826,0.8116213566478342,0.7085877341593384,0.7245679760160958,0.815253897481334,0.8589327559045203,0.762781761768158,0.7719893471249962,0.802273271355769,0.8247051560142736
2,s15_c2,1.23894013304674,1.3152500229062634,1.3090705593551528,1.3801025238665627,1.2157572222404835,1.2624426863178118,1.3292443469200355,1.405540094406652,1.251380133258453,1.3049078792146922,1.1853302018658631,1.236975938361257,1.2645773416877097,1.3065909784011445,1.1042258263392954,1.2018019126713189,1.209623059544285,1.3471578413539942,1.1095851236793217,1.2490527933520335,1.1108071032753697,1.1722269581992992,1.1266625491426638,1.2160379917047992,1.137555024352868,1.253134843899076,1.151323293177114,1.2387962858082155,1.2127016442428638,1.2957148486686323,1.1953974710755733,1.3031866968812647,1.2317274773400044,1.3176493736755535,1.2273578063372756,1.3156817166615584,1.178910743336144,1.2696047660023198,1.200445075676495,1.300502789819507,1.2327118762678895,1.3386948487552002,1.153883011743998,1.2540794745587784,1.1269719192257237,1.2035159931183848,1.2214677817525617,1.3283160034236945,1.246911083335902,1.380772910844116,1.3243429056948817,1.4522291651915142,1.2566243216558373,1.3831528891824183,1.323082733553204,1.4488082153077284,1.3118845429694492,1.441420943152605,1.2916181801127764,1.4253324950217696,1.3079567571871258,1.4183961208066544,1.2858940210698493,1.4170125358628611,1.2992396254671028,1.4027605028806913,1.264159317043176,1.3823575426467236,1.3190087994772879,1.4033191638270932,1.186624158604847,1.2766453369616704,1.248988225948312,1.3673622619924788,1.240004746642111,1.339110504957107,1.2296577838256366,1.358403556639668,1.1511097001317372,1.222429149169363
3,s15_c3,0.9690805617271289,1.0373099321334294,1.0934799946294316,1.2176579188774295,1.0664631062185408,1.1384524582191595,1.0719832051381677,1.1607793462052507,0.9956163917318698,1.1057147416234911,0.9625102828737631,1.0179116501419485,0.9605949183322026,1.0271543537730883,0.9588246685203614,1.0055247986523375,0.8953803859620194,0.9321592306573634,0.8849997544636456,0.9635339671741914,0.8821832414751625,0.9776866682351043,1.0345670317522286,1.174937529497232,0.922206092748534,1.0127033256022182,0.961762382802453,1.078434976757022,0.8909640469324464,0.9624497092082939,0.9126259989096123,1.0090200677869545,0.9931883490883794,1.0962246389457564,0.9245636929933501,1.0121347704858294,0.9211584856986358,1.0105228141483154,0.998913810114221,1.1249122751819345,0.9053315453759172,0.9566036452454173,0.891097174676444,0.9287706500054991,0.896080535643579,0.9411325022992368,0.702362374575454,0.7068199457729466,0.6815401358788574,0.6863542268417518,0.7135654225318524,0.7156422979287973,0.8195192339022688,0.8322193440805874,0.6751039705512268,0.677543936766995,0.7146575465909111,0.7186595119111624,0.6672905715925196,0.6700126326871563,0.7218360653083776,0.7269307686839863,0.7468269972411585,0.7573778303309652,0.7109482667826494,0.7163490885911061,0.7391521326668249,0.7474944994124779,0.6912196144651951,0.6957602171121876,0.7149573990007551,0.7201971238796155,0.7166703198341152,0.7225490060067113,0.6996157782236078,0.7046229894345267,0.7042689253117781,0.7100905228619654,0.7465243396303434,0.7565647407366943
4,s15_c4,0.8334471399092999,0.8764685572688637,0.847207759297935,0.8905618201047586,0.7644244155795105,0.7838479368132839,0.7866198886237518,0.831318962820988,0.871188180805161,0.9095332701652412,0.804905908823704,0.8530888649366972,0.8309439301678969,0.8796360069350299,0.8779095380920646,0.9204368936665435,0.8100354559476715,0.846765429151371,0.8827190454464336,0.9240203748188881,0.8481575827537762,0.8769371619950997,0.8536719214522374,0.9544949280315707,0.8802586610309879,0.989092295289633,0.8907508266929611,0.9833331580071407,0.8906676104754563,1.0162596053498425,0.899985784526184,0.9675420638961372,0.9802168973386568,1.0605792635779319,0.9021737326787976,0.9633666758980992,0.7861213612315555,0.8693627277396596,0.8141049164602294,0.9797198650852681,0.855109835894697,1.0570413855284668,0.8676519556758923,1.0817955977058986,0.8350960558886693,1.0400255318731946,0.8144029350004075,1.0089052548652462,0.8795241837250258,1.088646464516987,0.9071050346990452,1.2020921377123512,0.7221183386855907,0.8867800891852184,0.8409212556382831,1.1088647631781425,0.8533310008324205,1.021221261767415,0.8711585888357087,1.0338467093928438,0.918026484135282,1.1688915753932743,1.0039121530432378,1.2109236315284404,0.9656366850757552,1.053219178151536,0.921900793159413,1.0523127649449373,0.7242891770893698,0.804289692830715,0.7843572724790487,0.8783377842749552,0.8002918175448098,0.8952540882993771,0.9017436381118359,1.0354593853838374,0.9090402004322549,1.0145684548975191,0.8147711321039244,0.9501994769481458
5,s15_c5,1.0736160474985335,1.1935343985219407,1.0588431823952873,1.138668374794783,1.013388275523854,1.0803245218812954,1.0343033542921325,1.1527635888228205,1.1426283526314214,1.1992601633005378,1.2703214279337374,1.3849627410400824,1.341382262014212,1.5890257803139183,1.3331504720151788,1.5751979292623792,1.109295131948149,1.2267452540528632,1.0905245153918577,1.2432077703718873,1.041596033141382,1.179322097257487,0.9817137722962995,1.0800385574518643,1.002373764452341,1.3229642001756425,0.8955595645334854,1.0187756678425441,0.7618277942173504,0.870168784333348,0.8088997589230628,0.9767389461799891,0.8838021900874158,1.4309981546581536,0.6814106755683162,0.8304239461958043,0.6626519070315083,0.9758732893628119,0.516842086017682,0.7630695344778606,0.6918553451078344,0.8607020575189417,0.8871082741967807,1.4309354015976912,1.381801200226005,4.7526518360373835,1.4127966954146027,4.487015204180913,1.7466955677672518,5.553091028698305,2.1416224976968135,5.4222733482503305,1.9709954792405713,5.142300091710908,2.9391401095045246,5.940710699276049,3.3083957248224056,6.720802524668856,3.1290488703620505,6.133752019358024,2.8572891682735553,5.423954431148098,2.78492672575485,6.234638329203166,3.242401997991096,7.078500575393088,3.3156117219485712,6.825808085194793,2.8456005115591614,6.096651369558096,2.6009381459061123,5.947521017734299,3.1931268474511607,5.933596778554979,3.1863706717456117,6.148548813300941,3.4062493399121623,6.1156937865175545,3.176799655599796,5.858200773215322
6,s15_c6,0.8937693736299038,1.1007717488994988,1.124518434791341,1.3751737828051034,1.1830310314060841,1.4456780351612137,1.0463278638173465,1.2894467935011327,1.0297585331903334,1.2577773318237473,1.0198959316510758,1.2580868403590995,1.087189021715364,1.3186519709106264,1.0365949345601209,1.2651093418993467,0.9990368606944062,1.1709783416950197,0.9332780150158506,1.0836239260389267,0.7546794600018705,0.8364326304384162,0.7919081308033679,0.8739533736337572,0.8833038764738046,1.0260616425968612,0.8082566574161604,0.9133474829540236,0.9019301040576582,1.0051010290937201,0.9099316645857226,1.048671316703715,0.8629119655406192,0.9890245938011103,0.7142563079937845,0.8100494261012281,0.8287440521678575,1.0186544611024202,0.9029812474177299,0.9745261955617026,0.9390660995187049,1.2249381034761984,0.9169665582823785,1.0432467301260169,0.8629804225661675,0.9311750303795546,0.7908181042129961,0.8393220886415818,0.819708866623929,0.8513841421221713,0.7624561947526065,0.8058116376480926,0.7910039529509955,0.8611900956500956,0.7175531742939718,0.7422850802144494,0.989832719047588,1.2908248446511645,0.7727002089139903,0.8596706276925469,0.8037780843954138,0.8546846835537905,0.9478733040037329,1.0332536311642908,0.7543414530843281,0.9247556461668867,0.9838811541296985,1.4161471091770412,1.3085802290943607,2.832980972982248,1.8916983308043132,3.8008377944896536,1.7436764881212576,4.442106475229415,2.1553177899942004,5.318105988936247,1.7953724001404239,4.741655268652334,2.019089734931714,4.959516192539236
7,s15_c7,0.8620645602319873,0.8879752324317326,0.9366827856726807,0.9822595203395695,1.047653666226492,1.0914036500668356,0.9900795790773407,1.0148851014427864,1.0072428489855743,1.0373532934035852,1.0566404424920086,1.0901031286207765,0.983024476709534,0.9911825210338827,1.0144087939170305,1.030374740095698,0.9604893814394317,0.975106562946029,0.9090199551641281,0.91801532110288,1.130116817643053,1.1604040241395763,1.0628997504634519,1.084660660720915,1.1672845086803758,1.195112154514354,1.1762110525872513,1.2117566796904353,1.1470981042932413,1.1928963806658208,0.9830761383029228,1.0010153540347262,1.1444327496812485,1.1765513211668905,1.0483391801701343,1.087337120021967,1.03960362358052,1.0725521271545557,0.980369523143084,1.0188915063664434,1.0429001421074309,1.0841666449390897,1.0284261414503184,1.0570073443593422,0.9753790652443097,0.9959033677192582,0.9029565953388335,0.9133088991042082,0.9680741798082044,0.9816971833444141,0.9201009101546345,0.9277828111314707,0.8899992826380321,0.9006467112738173,0.9163001212119982,0.9232181817975527,0.9882411147440362,1.0050705757354508,0.9098946438617572,0.91740378008006,0.9757858172397118,0.9897197066234904,0.9412413986145595,0.9471410103606904,1.0072942621851613,1.0212462922237622,0.9407749751103023,0.9501127874226779,0.944483158319383,0.9562155321896427,0.945928571024235,0.9565798510215511,0.9398357306650065,0.9488464828483056,1.0725094166195936,1.0893323095133254,1.2371856015964626,1.2599929442619953,1.157783356234737,1.1777512720618522
8,s23_c0,1.3332450556508688,2.9082229126936476,1.6452504770098526,2.8229170614740964,1.798736526648374,3.641498563459953,1.603126229542556,2.9026585464579058,1.8249509623932778,2.7939813966708327,1.7636150996873747,3.034150337511141,1.8136288148922395,3.141201901348389,1.440502691661337,3.0295317456078577,1.9224378892541236,3.1296038666713084,1.6297217475977863,2.9372301270336973,1.9209236840958228,3.252824782819871,1.4589276492157217,2.6680005500031116,1.8031439253139667,3.2073624413837227,1.8807435844659406,3.1823291380922987,1.6421395187807375,2.9868955091452905,1.4535466817149023,2.6765528442956756,1.3357299656598143,2.8553407790586016,1.474583739760408,2.3898506150413583,1.4330429333251755,2.8262415558636462,1.87037121955253,3.2788618641316076,1.669942206566052,2.8672412781213823,1.7333431842331497,2.975153199645913,1.6556944157429845,2.6872414036808534,1.7714920152134532,3.1227327975848445,1.474300413329644,2.5165488448608406,1.4199916207022876,2.4662607896056548,1.574903334658038,2.628453612982455,1.5316278897770994,2.5573885224279405,1.6043828243776574,2.6265801573989003,1.7220850856185639,3.1145188137325173,1.875570582342313,3.1942708744567083,1.2078530998216097,2.5668185964793535,1.2364984282162048,2.827600418047136,1.111315377754516,2.5717307943548815,1.4890677752259385,2.822182136509227,2.044092112474935,3.031751548878201,1.2777665344313949,2.9355667416187554,1.5412159447177927,3.2124754739284995,1.1894609931368154,3.0549044704616746,1.5897801615663438,3.2051579092080766
9,s23_c1,2.123674981438853,3.3260038510140686,2.1278344471896053,3.3453067480603225,1.6795108186057832,2.573194024513693,2.003087729858055,3.2755121609315356,1.816223115502573,3.308886066665278,2.5629724792487116,3.568204877222732,2.9816828962280315,3.758186068477514,2.909963816930309,4.055118627943437,2.4448627191420935,4.113978381798379,3.235501495339261,4.4480521675379245,2.830344140591585,3.938260886443748,2.845254276583981,4.3415162975167565,2.3129519666844742,3.767094312266812,2.3549498513584455,3.979765129498953,2.419873240707387,3.8196340072286046,2.2214462411383575,3.655602742126331,2.398225173651771,3.488364327232731,2.55939865258937,4.273392339936948,2.5210633599806713,4.623890067098432,3.2595155955802024,4.798710724559296,2.7472795571623663,4.713661917065552,2.4009923685060737,4.022462255954984,2.5797475259074543,4.320950929414993,2.6144910023562544,3.851195308872684,2.28357645928655,3.713583480915791,3.077284376661423,4.34867482997094,2.9439385925215675,4.726607551028229,2.3482495248995274,4.328054032271581,2.560350711480186,4.046235717761965,2.4702267100678683,4.438394325704475,2.7928135718347993,4.393546538769421,2.4905179771894472,4.124490784662084,2.257494584926423,3.949254849254623,2.5858277513202013,4.344327128196432,1.9853633349201796,3.3262782780640365,2.4744299162848744,3.9220534979230735,2.543767074415147,4.051693003726877,1.9159965024288008,3.641518497263641,2.360911305193226,4.124388953651909,2.6722182488665713,4.175265588647611
10,s23_c2,1.5775608195204147,2.6669008767784597,2.1648529686680535,3.3587274048304896,1.739203542080711,2.8030032507136884,1.6239407777844161,3.2241430750523943,1.3237399810470176,2.539993203919086,1.5616294341202361,3.1169469347807213,1.0443105720881245,2.572639294667719,1.292387747761911,3.3829238508325705,1.163591207561112,2.82502018280264,1.3408758929446125,2.7836135923000915,1.2025931691757288,2.8026684495290906,1.4572125069580955,2.8945499143609013,1.6000440470384538,3.036163166657363,1.559944111951622,3.0315003319554923,1.456963763254324,3.0130225092500225,1.8627015639290332,3.3040624813109334,1.590363163707913,2.926062280199297,1.7029539169305081,3.333587314399653,1.7174798781636718,3.155384107448287,1.4941269224837928,2.888724367971224,1.1981176489030518,2.6939606874666073,2.1749818698710826,3.745189722427693,2.6808729600593195,4.1920867541091456,2.638045132255794,3.8039722078960163,2.4544309209682647,4.3645841154541305,2.648681842491896,4.442984395552184,2.0678207008873555,4.174581217611884,2.0121718358512863,3.924256314194858,2.1280187484823507,4.312077395962899,1.9119158906441704,3.7500606554390603,2.232413337467832,3.8758617604552743,2.2634749993795746,4.381133858433625,1.9040301865299691,3.864472281464881,2.2741542893899194,4.645345107309523,1.754859122613056,3.5587473157229894,2.3146029392892022,4.426818015885329,2.1273089978641675,3.901383118710702,2.8648858906352945,4.850029295321825,1.9185411503257597,3.9485200742106374,2.500329874008105,4.784833173628445
11,s23_c3,2.1504643583000345,4.619109301000294,2.7881131772896497,4.361967653883439,2.2340060308374614,3.6965384688682374,2.0011260456268087,3.537634928048341,2.5862757951833717,4.476039600382656,2.8112108710094046,4.13360336098598,2.5375339047398207,4.114282304812085,2.7554596102964415,4.004400836460885,2.6953506452232423,4.018430909603201,2.365109662827008,4.087193255081685,3.1919875855331092,4.899019523157129,3.7838896575666596,5.145851918788074,3.6761258017506453,5.121938644179565,3.262665315193547,4.931034938841694,3.339846891961568,4.894095709316457,3.253318584873695,5.591534466213252,3.429009280231713,6.094219877513631,4.048740259254447,6.523920408564181,2.990493741233751,5.0681231924458405,2.6490752966078834,5.082103137423863,3.0405878995483713,5.213435761345385,3.1333419410829646,6.160118237309151,3.215778958795484,5.985973208541058,3.3977634440929387,5.720965057952178,3.3514923676913693,5.706587918055287,2.946307073425175,5.213287147049475,3.322397970088942,5.343331528405722,1.924343985547721,3.5798144665737732,2.6090092891385037,4.408181256208532,3.548139858787192,5.5861797437987,3.8097765829620456,5.69948766870368,2.227999518912225,4.050202243159603,2.424259130671383,4.436297021058243,2.7410390821853405,4.876081811937095,2.2710076361716407,3.8743452911317107,2.5685974497830024,4.127914570275734,2.3568868945703945,4.42322981958827,2.139664595711704,3.832107070197814,2.0309509827122993,3.2864707260531985,2.1901513567791344,3.912404427222405
12,s23_c4,1.9549450138682314,3.5192074468226187,1.67667141917131,2.9384725822650006,1.9218387602750353,3.560583901811676,1.8140776879228533,3.619927743956694,1.2241155828564578,2.561635246812937,1.5042277688193852,2.781524757132153,1.335876108609311,2.844719497813444,1.534854498974453,3.9894182944285945,1.325061719828604,3.301266295036104,1.5025556628541186,3.933070282399805,1.4278206625022114,3.9031570395316844,1.2316927496180534,2.687543218506223,1.1506955153459657,1.7668426378715856,1.078649831369588,1.592871399843005,1.0155467233666409,1.895190090736093,0.9782474132526128,1.5810723628563754,1.2817559660040891,2.4670537355387068,1.0248295295388457,2.3812040321852357,1.1447333664397223,2.765999899668531,1.066086311609542,2.560745439000451,1.016765345942019,2.5360586956567577,1.1844292147821456,2.4154105114398106,1.2639451474209418,3.1188014473569856,1.4748968569055632,3.6992432312096772,1.5038197250263188,4.138795873470431,1.3937679962407412,2.553927409474801,1.5959154428519005,4.11483180567547,1.4429277045087714,3.728774970066203,1.5686476892939092,3.525597088585188,1.6855509211185777,4.304292671165564,1.4636191010507642,4.27676467293093,1.410842884062891,3.6854905704348355,1.6375919485035562,3.898583800857838,1.6552486575844054,4.370523054869689,2.1152442998159944,4.3097130449490075,1.888364681115952,4.526641160718433,1.6767667919518312,4.500396282019306,3.701483068010374,6.413455258027666,2.8977216117122366,6.565868517396387,4.13421878870897,7.213571340178633
13,s23_c5,2.2532423840026206,3.918612043531292,2.567676656204633,5.018758467906549,3.4247824375601605,5.289788265592501,3.1659258671374224,5.504952172814085,3.0460632446177587,5.198614665046657,3.041896844770491,4.958295791600812,3.152402129833778,5.9739373633304655,3.4912153951145233,6.544555766732981,3.934515764866742,6.725196629807569,4.231203362190607,7.208338378478266,3.049405052787133,6.312312439404099,3.3665352753671294,6.981148901671866,3.3702971048116033,6.894263085043701,5.0599720381122575,7.3040643242274985,3.698545097952757,6.7814669137458266,4.050846671950731,7.463867814110765,3.593637272013929,7.024108733380485,4.484593444487954,7.973923270956479,4.814493315905205,8.178118502134073,3.2898319016952344,7.352890632225652,4.110124591237168,8.190530482495209,4.1045944884416565,7.746827552409477,4.590060549846197,8.897680621441024,3.9630379156320674,7.939195458782203,4.935131470465849,8.3969326236434,4.67943972040601,7.453255984988737,4.40033315540204,7.35024280739615,5.779144947489376,8.025898697902756,5.222106052791848,7.962937114472913,5.335613254967613,8.255935538439894,4.110372536965397,6.87478790130879,4.805052037808445,8.443566466159423,4.496295966828512,7.851659472165942,5.702980157700915,7.864944912343272,4.890878277078844,7.426488186462308,5.515605216884361,8.245066121174114,4.719640888812791,6.949267314671793,5.008491465306586,7.250804184184606,5.082032517272038,7.69585033290992,5.678705195799659,8.401185682045762
14,s23_c6,1.6922809791948838,3.2003784262812784,3.815619806153187,6.19656137442132,3.729371705893061,6.089625984846382,3.3142056272627287,6.039874784753567,3.4895585462110192,6.191470321425109,4.344478631492338,7.053465372778487,3.404108620419146,5.989774356967575,4.803319101910231,7.559264365828271,5.148992887425686,7.710238223024332,4.50397777046318,7.993448311230825,3.511098286306465,7.171713696420291,2.977640440647379,6.700327586719458,4.56444325157879,8.749834217758186,4.531623836876944,8.497038384031061,5.399631670763755,9.170779791926861,3.512027431345525,8.5037778195173,4.83835212207027,9.561988137542539,5.3724405063135325,10.751821390939662,6.013228813901278,11.09156703794659,6.056755945337593,11.37612008142233,4.1937867331246865,9.447006481556592,5.186114871005897,9.954311396051136,3.909581364514732,9.2631606721105,4.8416646364679865,9.424411691643007,5.443724916682462,9.981052771818955,4.296460273440332,8.147447064797158,4.99050435461314,8.693028869878505,6.120826057238422,10.022130010628377,5.086602451259827,8.751078966477703,5.169410650611586,8.925797684082292,4.89055013358894,8.448526346067064,5.010135675214082,8.312260114216262,5.91816769619139,9.059796019959121,5.5810814157031565,9.384015748663591,4.239520502547113,8.134487485128085,4.247237395812304,8.03491076134849,3.6162564026005057,7.344003349170839,4.192928499055946,7.817242966824045,4.749292274808973,8.751185836407137,5.145775673770877,9.690831765244056
15,s23_c7,2.5111629590064455,4.07153564652829,2.7146738863128754,4.393497996837627,3.0159017790284954,4.941625724000263,2.3750776555528312,4.766513029523578,2.7490810033468347,5.721994918740604,2.907986403162545,5.977859277109105,2.8201228292460754,6.381907689895192,2.649561927272778,6.4747715320170505,3.727910637581409,7.190714360231859,4.948140042194784,8.472888528749419,5.6015791727876785,10.232069439203864,4.951338823470513,9.230626763469921,4.44650076847634,9.38634193644843,5.799509712617619,11.090378514944772,5.99716006857621,11.260062836590002,5.5047943035490405,11.912298167036154,5.0155473413551075,11.638784907277394,5.028301958230433,10.31244534637555,4.823224350432808,10.460339000733208,5.157439128142884,10.233168846039744,5.3156526294132,9.781076057766356,3.7277239334976513,8.980081712505337,4.260381805401599,9.268046999267789,4.899444004754796,10.64770578229946,4.060571242323464,10.031621358366424,4.130497476852435,9.125559954418096,4.497082759363095,9.624868737985787,4.76975501635436,9.828520315079766,3.4623687860288963,8.875464741616053,4.078831263565648,9.722369550628658,3.8264023759281716,10.552578783595406,3.776232494192393,9.567796546480015,5.048534679475262,8.854048556156,4.461957972504896,8.719113333780061,4.01997921562142,8.740171458903149,5.965100905132016,9.931276324291442,6.040314602921591,9.636322938081838,4.6517540431962905,8.783109875108844,5.549447804606903,9.295979692189112,6.230852776896194,9.285928139353091
16,s39_c0,6.765616309038361,13.00533887533831,7.095312254471372,13.164387559339492,7.763150871067566,13.658973997115353,7.755242592993109,12.398354765575993,6.455131417984393,12.086133964155415,7.410248816136782,11.945843052837072,6.738141842910596,11.778759844558,4.857185157058341,11.054813082458274,6.2844111339002495,12.50021333126932,5.958324177754869,11.94982573037899,5.268463526987062,11.326188167163654,6.517915387057299,12.024177234757955,7.5041894408594905,12.516069950034229,5.910214763965972,10.99666315579046,5.207738364508328,10.868340623762025,8.63886658265536,12.830292041256758,6.641366968994718,12.30529704635004,8.529880199638374,12.925069643101246,8.167781765064728,12.184134002100155,6.517009262059631,11.795424068675333,5.139931255578905,10.211183671814767,5.306229638632095,10.524667167330946,5.124473868994906,11.589606015125348,4.112522688686694,10.017785847773375,2.719898859901275,9.405864689950358,5.25970645110725,12.473274856186935,5.738007246294784,12.086889158845118,3.188559801827118,10.618709196551126,3.512193723217216,10.080932722341235,4.584581799210555,11.040490591867728,4.380298832288421,10.732983703846484,5.330106000669266,11.237830376425888,6.8481713622988325,11.779852679943549,8.031810608568161,12.710240722034962,7.153700362566874,12.233055822379452,6.394885489361412,13.206353009375386,7.674061780713637,13.501401593237011,5.727015470634917,11.7067534909643,6.456893470058307,11.399602899732045,5.804877375972564,10.855863418276021
17,s39_c1,5.8536242989511935,11.93171097716358,5.8117876680713065,11.479732614752251,5.553040104452503,11.834344600237307,6.286949301874517,12.579637158371478,5.309948498134325,11.935049490766184,5.537201881446343,12.427132734904182,5.15579004974737,11.672764970415829,5.690392973198806,13.677623720901773,5.882547637185064,12.615607844837964,6.57272420021603,12.621798425950722,5.570173106458518,11.926006979289173,6.37372912730435,12.37738518648124,6.732832216391869,12.500380672177652,6.9963248658917,12.424190643025907,6.218891928793341,12.11007430794412,6.4345136388707855,12.259950498289598,6.256922997399104,12.066505151152315,6.321628739639039,12.09562855640115,5.2986411218180764,10.964437092514903,5.364565369627217,11.214864974322543,4.079314830104631,10.396815190669626,4.618811319672707,10.550521889763557,5.376767173702294,11.453434651555881,6.214386290131436,11.840055994351733,4.2105748226289155,11.803420874295847,5.3693655075064575,12.081982267560045,5.712637182921804,11.297093924022143,7.212962367700605,11.917484884470246,6.416518849341436,12.263002855642451,6.522643189144344,11.692851650462117,7.311452517021143,12.498198873361916,4.9587898573196165,11.405435628719097,6.826639304940237,12.021760252690276,6.424960742435385,11.48839584098102,7.252000136387183,12.44408485623876,5.143407754696253,11.34478264195344,4.701074883168553,11.68087437226652,6.009920967276659,12.398231575915464,5.74082874006424,12.437663940023183,6.152371687204904,12.62035458456542
18,s39_c2,6.742751016359924,11.753883107372614,6.957213245358786,10.802771320590514,6.595685345516671,11.380015274649322,6.012089491650316,11.813842072071976,7.023157208022081,12.728320043211633,6.902000457545012,12.040095020788762,6.381341697327994,11.841532793525023,4.290310906783316,9.446765196648336,7.06781723657817,11.777319037035145,7.780072363534064,12.898977020118757,5.954073657635848,11.644061178135791,6.6333333174949916,10.980527348040399,7.298093433345551,11.939589581007073,6.201683031366597,11.225253879913861,5.152795373693288,10.840173503311826,6.659456514819371,10.996211885092224,6.372755906710751,11.282548888170611,7.1538261473205855,11.692160745244013,8.160341895925438,13.55955920456837,6.071636242353535,11.926442870496123,7.266121418378259,13.131562767009601,8.58770640250684,14.632768548047217,8.35601199380387,14.368750756625,9.163142397924721,13.936162137593358,9.412667915963308,14.760312030139886,8.601459693420749,14.87900771201749,8.192805939048068,14.31220186498402,8.721936765570138,14.781252343164978,7.188593194334908,13.79247057317375,5.923568964974118,12.880309119733546,7.891313828750532,13.272797508917284,7.320639082606218,13.258925781616202,8.91962982694312,13.94926768413489,6.642018358263538,13.385580932090345,7.742881801849959,13.452055274954438,6.528541039469552,13.048293114683903,7.6161230487531695,13.418172365074211,5.069744652983531,11.41984677822492,8.358417598255821,13.591802730137676,7.082231756231791,12.6214977730173
19,s39_c3,6.211623853531982,12.318483635379582,6.034293240231009,11.580766444265153,7.8091171111328785,13.390088416294715,7.811982078134701,14.115933696409968,7.334293936398934,14.460424264254444,7.898389150899274,14.500935141501204,6.417670898588129,14.363273122767776,7.477169785985293,14.646851721138388,5.93846617794542,13.196285237397223,7.445801165799075,15.792618691585655,9.311366541275653,15.410339138440003,7.09318045092328,13.871946680280818,9.451980857400633,15.890075747717985,8.362199115874354,16.45475402901688,7.08003778635109,13.864098829982968,5.339437735605421,12.641827111229366,8.576623793681632,14.27492894085079,8.730922013889026,13.991616076679902,7.716624043541734,13.865229463344082,7.87353265311922,15.813562889801785,8.406877486806055,16.15419595569663,9.815533777741015,16.28636945149156,9.823677912017653,15.993310086553189,9.66070643142371,16.136326689098794,7.480477109397014,14.595538990854143,5.400345832822308,12.709465736658723,6.859918299311096,15.353622363882097,7.725995209945459,15.365695386248763,7.826173607500107,14.848591116234072,7.127820367502252,14.779979695715708,5.9006257481607784,14.530537428576672,8.792605298580925,16.99256621192672,8.206478237129025,14.943758694704995,7.2222332887883915,14.276664409071744,6.7923921707089585,14.832455473707506,7.2156414293418,14.015654548568747,6.723568443378186,14.88093291913054,7.673527838895631,14.743101638530918,8.874827120701173,15.759736412886946,8.877100133329826,15.019186153410212
20,s39_c4,6.177577771167165,11.098761280029958,8.201233759129162,13.455277885552222,7.039930020823596,12.225997932051536,7.533771281926152,13.416632533513619,7.093683007828573,12.816314086353291,4.282052984103498,12.04872018804141,5.300546696933365,13.1024125621003,5.493431438212894,13.709931691889096,6.184166163304971,13.683942119623907,5.250878090138626,13.809550452331532,4.807138140901102,13.457668552406641,4.251952918262667,12.738071958478686,5.8370326228741325,14.3762368718889,4.789242000191078,13.319036244818479,5.094205577245284,13.408379198407212,4.332312682852248,14.063782853771125,4.926299906233181,15.71934857292153,7.2506091290289225,18.281371343461924,4.965074376580202,15.509551447733317,6.8282512564596125,15.211431810341084,8.376001231578611,16.776158924074124,3.9071200695276738,13.636544659108587,3.2208696736607187,13.311510959674594,5.472838703591897,14.15765833199002,6.391350066218643,15.466927255871397,8.19984256561728,17.95386639155352,7.661632840334923,16.556562668405295,4.421896846655024,15.628891021321927,6.215971694069308,19.34310494311655,5.070050551723201,15.885546141082315,4.83480385482691,15.706497483604355,7.409894113649978,20.112435958683378,5.70078600782988,16.87576596987116,8.02218371539789,19.215923121185313,6.208652995719465,17.82996352216629,8.794162578508992,19.44478291711644,7.127583048252796,17.673745776005813,7.407677810289875,16.942427640103745,6.168042972962337,16.917987340180144,7.9335824160269715,17.917488070604005
21,s39_c5,6.021196055292598,12.363763126493895,1.9301640911545606,8.54374808348075,4.840693236794907,11.49614086061951,2.882991814933551,11.685417683706389,2.5662289756613474,9.578744941165063,4.107374848351162,12.749567961423956,7.447901808254021,16.88432414247191,8.768684578914543,17.07490739518987,6.849894873820709,16.144894595067836,7.969077879604533,18.422177941953485,7.2467577897496085,16.617806789327794,4.9137686830708445,14.763589102659319,5.264414538679549,14.377591040215345,5.980543882673806,15.389581198164485,2.6903157605586747,11.46279377221873,4.635928137759618,13.38936676130223,5.65213866058407,15.118817189650429,9.580437050542063,17.53730857361635,8.073977818859777,15.623862762447347,8.175804497495085,16.96123230211617,9.666367032311587,17.594498135540512,9.6491743177602,18.627264568564765,8.497858376847287,18.82004081620208,8.412551823590924,18.075226567328592,8.833977534472425,18.412670210877536,4.348839946242187,15.962202520542364,8.933913193514869,19.184775367576545,8.60085763617947,17.46738343470638,8.823711537278754,18.541993120558267,6.630999060786956,18.106793807290824,7.6192645387011355,19.499990080070845,8.8371853594666,19.31275192743822,8.590585096100279,19.146016956138315,7.935861931727637,17.76910232616863,8.286311547178174,19.78962164553484,8.939580801043329,21.07373801530924,9.878113829781542,22.31678397987783,8.969793991941465,22.712145785208936,10.141983382122762,22.51298853696436,9.585784974309856,19.490949516641024
22,s39_c6,3.9093793440230376,11.090552192756963,4.768256842273724,12.501773345831134,4.810457353830041,12.504960793218487,5.58922493599169,13.854437796026017,4.557894050489436,12.753055357196569,6.717556027613558,13.28341106546946,4.170009136679468,12.749652756418563,6.263914126255705,13.847751076918398,5.528941140630886,13.070364995036325,4.599947683931938,12.576804131983552,4.021117364498185,12.31418140387567,6.669504038988763,15.66143875378057,5.0618847119148125,15.541425424357882,5.782135746288883,15.001005140572085,4.990409491317293,16.538268298284898,4.9511703069519335,15.110429399532821,5.509193636974804,14.99139370336113,5.9000195430146,14.836799315364,7.891867835926157,18.1656423475875,6.9829724677759915,20.48435855914168,8.97385861143514,18.84724595218969,9.715582507958276,18.837357534865536,9.787481861926727,19.25292665875632,7.7239514410975225,17.94807073505742,7.197892304957872,19.909215249094444,6.299872346645021,17.13378344107666,6.295239383128321,18.68184540835795,7.57005914629425,18.558216425621346,7.487707866888201,18.39453211922628,7.38600597506725,19.003929215445247,8.510674084216118,19.026607525030272,7.752890492437461,19.38905604535909,8.655578942012882,20.77556206318133,9.012077859371988,21.31057589283181,8.393567950435056,21.043406693875916,8.553136192577895,19.32183100713534,7.719662562222517,19.365967105169048,9.901826012101129,20.875902086576286,7.919951993584007,20.018972197794202,9.164160311934715,20.69294156961428
23,s39_c7,5.456680642953193,15.83561357784796,4.777603445345354,13.247639621897344,6.590288166337125,13.708572673098258,4.508135706341713,12.65768490036549,5.722978445251332,13.722872571448523,5.278247390939713,12.885799434345675,7.638523206740741,16.19725006581399,6.435709226033789,15.917274843076221,7.2845702793385145,17.262075752565213,8.353156332508249,19.46591152709758,7.691115265736462,23.169604455212333,7.29624195373886,21.92895277391522,9.080411755209127,21.72632462716893,7.64020812757255,20.81846805140883,7.127634541543762,17.796830563080498,8.026439154884853,18.88263652877147,9.747421513784076,18.92965575846125,5.249449434458144,15.32885163132721,9.279251435234993,18.47247196708297,9.154996947279553,19.460557187084465,8.629413972095787,17.898442085221088,6.147925138360064,17.542655863358974,9.740781289993592,20.2963950518396,7.8754335404318665,20.130386284134165,8.789499539201461,22.604335823404664,7.071789163240842,19.096344199381342,9.49557388099773,22.21954979319078,7.804009037205468,21.246634034338427,7.561738710832669,21.072972427942897,7.87059584567284,19.47771549575206,9.89437584559349,20.83328749508922,8.910364285123508,20.592278214881777,6.7390212947141555,20.73400717647492,9.016912606221707,20.351522573359397,8.711009174485527,21.544211578274915,8.8211525165292,21.29527777946598,8.558932882082214,19.660412645079422,9.776225844065971,19.337093439072724,8.04413756970882,19.47799102385963,5.781769089653809,18.689892031348823
24,s62_c0,13.908724730431484,32.49223480298235,10.961357302530232,30.98113532975947,6.915546340209325,25.03103780140244,9.732851880065843,27.18854806514866,11.395516623277608,27.5973985326001,10.292087827274608,27.478120067314823,9.68568093634387,28.576273381686292,10.972833887488791,29.2103119605926,8.660368102225231,28.0746969884937,9.334193297823544,28.40073867578007,6.5220537996145955,27.46304928299758,9.91981034433509,28.228367128189436,8.931858504909334,27.218756942360674,6.803664862803907,26.023289983329807,10.150384779349903,29.048053559887666,10.012762346415432,33.088018300703745,6.847395903769124,29.08831959973478,8.582692043834523,29.688179588893743,5.537106984773902,24.326595772210652,10.142869741115792,27.486582079552193,10.709577058175075,27.96582047060747,10.280536264243906,29.27021197025873,13.150810180164331,28.019854373901104,12.878628151506286,28.494285596158882,13.62015821094122,29.628080742792545,8.820138108554348,26.146461782068283,9.507391612212235,28.70207819552078,10.81886845636458,29.514441059029735,9.302470399890625,26.912112744026008,14.080381897375387,30.968480303669946,13.160205364587517,30.0320827115375,12.282734653526743,28.5126242900502,11.829869074878,29.34092549657367,10.186893186007543,28.235441330552494,9.879182255765373,28.558157700555125,9.665413210012295,27.834571180677617,9.811257720307461,30.38915041926159,13.286645034960802,32.04378164101413,9.44988268264127,28.296115582048632,8.813232513805763,26.721284817601507
25,s62_c1,12.166083051517694,33.101052735725254,12.353972687848843,31.570709610865443,10.308665355402594,30.085487066102413,11.360199184196281,30.589601642708754,13.715178893696386,30.520925320107953,8.991243925298468,27.546743243783638,13.590893055395147,32.75515013994615,9.742811987595791,28.23523978879599,10.816933168021972,29.278379330055092,11.936597445549557,29.612650891979964,11.5281942183824,29.814955717648647,12.410552608937603,28.991381372041186,8.520370675909833,29.087661864135,12.209532508546701,29.82311610455864,9.013683659225302,26.402248954051565,13.004329197403003,29.439835914618673,13.000907794246723,29.626475586722126,12.416411636939293,29.342219646323937,12.311080387824012,28.65523799548851,13.550642345487235,30.24166214384779,11.255254309644037,26.99418751898982,11.58796563866208,29.218906476848964,10.807336920658503,26.312118563033483,11.574120981082688,26.44414855975182,12.241440778134816,27.755781371018315,5.8658264296003875,23.365950289055856,10.65812183226701,28.71596918493212,6.327586636352666,25.405464691679278,9.765509129488386,29.946789645208817,10.249557884765727,30.09238497905632,10.524412241130086,29.426982983402013,10.514201879692818,32.95978917709051,10.938373628981699,30.38648195944535,8.743669175266085,32.5247612473,11.682298233796093,32.49000887780263,12.599075953607956,34.8294072418006,11.350338174311622,31.60494019426655,11.96284340280146,29.689312867299986,10.95776788227534,32.18328079480217,13.029279805130292,34.42464520189983
26,s62_c2,12.580127715988597,29.005067283434208,9.22869998117054,26.00609716065339,10.309232446596413,30.192004425981867,11.604744431577396,30.96256351887332,11.930158853039982,32.468378850660955,11.953007796302513,31.175527429118254,9.10818748095866,26.468464993516797,10.981384789340744,30.38875032627166,14.127828738593806,30.98202910516972,12.37194275619943,31.56428619517439,4.132178933144989,26.890284501080902,7.959424609271155,29.19852119128073,4.7485124065487465,23.286938090058456,10.081055491883973,28.44494578592657,10.480269036824478,30.15708343827572,11.081864070912074,30.522793392900194,12.573971287036672,32.17802808745347,14.099925839983829,33.171852944365355,11.955676236315742,32.75515375062436,15.165795005228425,33.90251981845092,13.45551934776915,33.623849228273635,12.365837609402218,36.50548142771961,15.1535270161195,37.51640920212116,7.925739539217155,28.10737415412654,11.581693246558956,33.33388451947666,12.254884651573082,32.44467819469164,12.967578435719814,35.2690032239563,11.672995922392259,36.36996362717462,12.606976039387977,36.37393547792228,12.819591736994298,36.301801513493736,9.878793272290718,34.8324097767538,11.788069673951908,34.551888380483994,13.143183667546205,36.478893336328724,8.365615884611111,34.77880295339641,10.068039346744316,34.40445549930493,10.098806427474226,33.87349873846976,10.86001044969965,34.91125112001931,14.18257338348698,37.00301338386792,9.488994517506034,39.098018991091415,11.352148053395158,38.24046305719638
27,s62_c3,11.061189930022955,34.324868551584146,12.675220276965335,33.61256575696711,13.8022486992293,30.740032658676853,11.429430847713734,31.174017790926214,12.462960227224315,33.060741045720235,11.964349670432151,32.6104511754241,9.64782228051026,35.289350141025785,10.692428058702928,34.87503517024013,11.246280385860572,34.48595480316304,12.708833507239989,37.705007497627136,7.5435902079366,31.553271919919997,8.215514390254668,32.77257967599659,11.87248962650623,31.18119554025023,11.086361188147102,31.8475276086273,8.80421000466471,31.40071694811731,11.199836264679536,33.34310036618345,10.567941535614874,33.16683025635032,12.487233889744028,34.767256657136834,12.628366062144847,37.24075288534287,10.693852031587365,36.71558102599146,8.051482825030005,31.933769308918944,11.739363631945121,35.435434687411195,12.989706735628555,34.63552028529993,11.648526924106575,34.085707678299514,10.292014956628227,30.295587734486638,11.803420042974455,35.28129034751332,14.385915065600198,35.694731403463074,12.23620565834576,34.74447394418045,13.376969875710502,36.287587936846,11.052888323574686,31.40503561369865,11.688641528891937,34.68444259248708,9.44389959342269,33.27392234581907,13.544264570921262,36.09488937457075,11.176977452375413,37.37607269013022,8.345496693904295,32.27646823188318,10.274861248187548,33.97540325192206,11.460491134145073,32.95286424057588,13.337716921243572,36.008385923394634,10.803272642192594,39.872189881812794,12.95264380022516,38.591571748781995
28,s62_c4,10.086564172005023,38.60881787891228,12.98046860428623,36.83208860921914,9.39356235613485,29.68557370575945,9.02502955530789,34.34088607433964,7.130932602163901,31.14034838989689,11.419651473658952,38.50700633568046,11.492566739748767,37.644303213201,11.16003359030687,32.46038610894116,7.681349485205948,29.464408093540076,8.277362735593895,32.307766272391376,11.72963043421685,34.011281532183645,14.02530689171925,34.34905176185016,12.36442175452027,35.23457863320119,8.410717335010416,33.41482441794313,10.989115495662805,35.30752610857978,10.569277916894732,37.382330103987805,11.51942435674511,35.43246757089296,8.864476116353496,33.16095042465394,13.317782024098273,40.4621067675869,11.793327717657156,38.61110158028756,13.780882765983835,43.33896690932801,14.947674064825765,43.84917724347653,14.279365243486389,41.263191181362906,13.147941823804441,35.06601607721029,11.456555726216637,40.51114073630139,11.498364458748053,36.276987188047926,10.59953075256421,37.36663933973831,9.762926048822173,36.77318579900829,13.085069047578548,41.210186019581975,9.591643610751447,34.91767876672284,14.546126902183644,39.28829876928205,11.647421733982073,35.88195554168816,12.386894842354847,40.09059644978994,11.984820811015023,37.588995666033505,12.78602338455117,39.51128025348132,8.239534277452263,37.96720979476871,10.786100573960999,41.2360927502657,13.770490046123648,37.669542813274155,11.553446045269887,37.81919853622595,13.14146940922597,38.44061502511752
29,s62_c5,5.188519002128663,23.42505262729991,13.191885251834007,33.10715347902351,11.758154205896075,30.11942008627611,10.921430011696701,31.746587250520193,7.825743409903069,27.727110251954272,11.987977115703536,28.773166481920715,8.83378660215672,29.71222765867959,12.425345907471241,32.616526106419165,11.125447669041131,31.3641993461995,13.268438085079179,36.32502209414308,12.12027353629105,33.74772430960523,12.32719106991496,33.60780565863757,11.202536257927957,35.27826001675401,11.56225867550997,32.66282940915981,12.702783590350968,30.862133816880338,11.942968353452187,34.47316681859249,7.16999127610417,27.893381726849313,6.945516921366114,27.312442086964353,13.068449879020543,33.067402515459925,9.951732452546766,31.61436797508805,12.498424162483731,35.567016816802045,12.84365202962821,37.995698820459154,8.886870962003966,35.8781751188836,11.409982722545324,35.381695651352594,11.634222915806262,32.3954605394065,9.668616095964861,33.69557559369489,9.205293766805081,33.70945626802331,11.362623614068132,34.915049900559666,8.849773738689132,31.761205770440988,12.823826185215006,37.34274456661213,6.165852253040597,34.39857175456983,11.894674345135002,39.032190822017,11.571470753142933,40.734077503548264,12.66682325192215,44.099178365617725,7.760198954829796,36.27242743414549,12.826140998908489,38.568938974072914,10.710335591254694,36.42670026845099,11.186455942113556,35.89513982776494,10.845450558287002,40.10009232744488,14.259823863576651,43.69729028640273
30,s62_c6,9.109683359470669,33.286415553186025,7.736887959222655,29.503557100488564,13.920444415633112,35.41189545287406,11.151912320205607,36.292035022694115,11.288861602068078,34.84944695240588,11.319173290856794,36.11826409743709,8.482196672459084,37.231244904774684,8.977595894680581,36.50948882073038,13.013213398197273,38.866658095644,13.686885049003395,43.81881881785295,11.424699830997195,39.996143657493235,12.155276216662786,41.16754102301144,10.768840088228288,39.63870313517508,10.66646303800379,40.77656048323659,12.32556781776147,41.304092174015835,14.769645213617608,44.5670209348,13.593696546732536,40.730783401310354,12.727327390397004,47.32282299556447,11.083014892107517,48.78831281776528,11.980406276610045,46.022796493291345,12.995543766842543,43.95579734906102,9.458001081151263,48.00827514513469,12.901545618951987,44.9770306005179,12.053311091309608,51.44626963214073,6.848774504810428,46.132021565081466,7.893116919777843,48.14921737276412,11.597573679020574,50.82343373087327,11.673826227506623,52.327004532690616,14.119881791275672,57.28171295581744,12.205431761611923,51.04702824840521,14.303796519537816,59.576909212016176,9.074385417334293,50.98723517719036,9.227114406208196,52.15917591032337,12.299832405015627,55.12291915439605,9.464079309849591,50.45212559816245,11.254118325517604,50.119345758187706,9.304391953336498,54.7847797277367,11.872324463164006,54.269561884778234,11.33691692989607,48.982270051117204,12.049388734858798,52.229441217390224
31,s62_c7,9.777844481048087,31.927143060009946,9.930137947405536,30.003891176067214,9.312418679057279,31.194104021536123,8.512898100443628,33.48726563248075,11.987942707755725,36.06202085050588,12.556154657774464,36.69896325494747,7.630286417352468,32.30292697205541,11.842918762942134,39.196399131090274,9.555422786071444,37.076988304436526,11.914467467183298,40.21239558202086,10.246146000908432,36.50527111567872,12.710880694425605,38.77619634448829,12.251817772585097,43.59196925455581,14.556910390620805,47.72465837700785,9.915899837059191,42.870410608086374,10.622290644433209,44.62984706686553,8.59379106820109,47.257070084460686,13.15796761153923,58.67471037282051,14.206758563710641,51.73589908463913,7.405051296360884,47.212761619777424,11.322568423006327,51.43483615987997,10.148439336931363,43.64801194738958,11.858698515900942,48.28565766973696,11.016318159838375,58.38638340993993,11.305589838804655,62.55990812432456,13.031404107689887,71.91410959307075,10.45692845879379,64.58236649603224,13.143822583803779,53.80887489321134,13.02420620452601,54.28773777991942,12.309455017448835,49.424350158186776,11.487200148447883,47.422342702534,10.281082873158065,51.849781322695314,12.471331529295997,46.19491101563183,11.815233546719647,46.003797495443735,11.024996370030442,47.406053250599626,11.426285099160944,46.13479274065616,10.72894572455673,47.11086438258573,10.511598230098018,50.60014963841482,10.026318398599516,50.708723515710275,12.93496422141313,49.23202253460632
